SaleMonth,SaleYear,SalePrice,Sqft,Bed,Bath
1,2006,250000,2064,4,2.5
1,2006,401179,2795,4,3.5
1,2006,145000,1056,3,1.0
1,2006,181000,1309,3,1.5
1,2006,172400,1664,3,2.5
1,2006,252000,1964,3,2.5
1,2006,423000,2097,1,1.5
1,2006,139500,1142,3,1.5
1,2006,120875,1024,3,1.5
1,2006,260000,2646,3,2.0
1,2006,136500,1050,3,1.0
1,2006,139500,1008,2,1.0
1,2006,105000,1214,3,1.0
1,2006,80000,879,2,1.0
1,2006,155000,1803,3,2.0
1,2006,260000,1734,3,2.0
1,2006,205000,1541,3,2.0
1,2006,228000,1707,2,2.5
2,2006,170000,1671,3,2.5
2,2006,229000,2183,4,2.5
2,2006,179900,1552,3,2.5
2,2006,279000,1914,3,2.5
2,2006,170440,1456,3,2.5
2,2006,173000,1671,3,2.5
2,2006,230000,2291,4,2.5
2,2006,286000,1976,3,2.5
2,2006,200825,1716,3,2.5
2,2006,148000,1370,3,1.0
2,2006,80000,1760,4,1.5
2,2006,105000,864,3,1.0
2,2006,110000,1324,3,1.0
2,2006,154500,1068,3,1.0
2,2006,183600,1208,2,2.0
2,2006,220000,1915,3,2.5
2,2006,192500,1776,3,2.5
2,2006,230000,1654,3,2.0
2,2006,229000,2314,3,2.5
2,2006,35000,498,1,1.0
2,2006,140000,1717,3,1.0
2,2006,194000,1717,2,1.5
2,2006,218000,1671,4,2.0
2,2006,375000,1778,2,2.0
3,2006,192100,1851,3,2.0
3,2006,320000,2462,4,2.5
3,2006,457347,2798,3,3.5
3,2006,235000,2263,3,2.5
3,2006,162900,1664,4,2.5
3,2006,138800,1096,3,1.0
3,2006,97500,874,3,1.0
3,2006,326000,1850,3,2.0
3,2006,275500,2098,3,2.5
3,2006,372397,1792,2,2.0
3,2006,282500,1565,2,2.0
3,2006,202665,1368,2,2.0
3,2006,171750,1405,2,2.0
3,2006,167240,1248,2,2.0
3,2006,405000,2855,4,2.5
3,2006,186500,1553,3,2.5
3,2006,132000,1131,3,1.5
3,2006,142500,1141,3,1.5
3,2006,184900,1585,3,2.5
3,2006,144000,1211,2,1.0
3,2006,183900,1452,3,2.5
3,2006,124400,1051,3,1.0
3,2006,160000,1251,3,1.0
3,2006,140000,1095,2,1.0
3,2006,121000,936,2,1.0
3,2006,235000,3112,4,2.0
3,2006,143000,1144,3,1.0
3,2006,132000,1364,3,1.5
3,2006,86900,720,1,1.0
3,2006,120000,1045,3,1.0
3,2006,124000,1025,3,1.0
3,2006,96900,1376,2,1.0
3,2006,125000,1200,4,1.0
3,2006,52500,693,2,1.0
3,2006,90000,984,3,1.0
3,2006,149500,1400,3,1.5
3,2006,128000,1150,3,1.0
3,2006,137000,1057,3,1.0
3,2006,225000,1614,3,2.0
3,2006,119900,864,3,1.0
3,2006,207000,1390,3,2.0
3,2006,195800,1611,3,2.5
3,2006,104900,1221,4,1.0
3,2006,118500,2230,5,1.0
3,2006,217500,1647,3,2.0
3,2006,85000,641,2,1.0
3,2006,250764,1650,2,1.0
3,2006,369900,2028,2,2.0
3,2006,153500,1337,2,2.0
3,2006,146500,1652,4,2.0
3,2006,142500,1003,3,1.0
4,2006,91500,1218,3,1.5
4,2006,137500,1055,2,2.0
4,2006,437154,2728,4,2.5
4,2006,213490,1506,2,2.0
4,2006,215000,1889,3,2.5
4,2006,232000,1616,3,2.0
4,2006,176000,1266,3,2.0
4,2006,184000,1686,3,2.5
4,2006,124000,912,3,1.0
4,2006,260000,2417,4,2.5
4,2006,197000,1247,1,1.5
4,2006,144152,1200,2,2.5
4,2006,165000,1382,3,2.5
4,2006,270000,1494,2,1.5
4,2006,164500,1334,3,2.0
4,2006,167000,1488,3,1.5
4,2006,145250,1383,3,1.5
4,2006,155500,1595,3,2.0
4,2006,170000,1466,3,2.0
4,2006,111500,1951,4,2.0
4,2006,137000,1928,4,2.0
4,2006,79000,1440,3,1.0
4,2006,100000,788,2,1.0
4,2006,115000,1344,3,1.0
4,2006,105000,872,2,1.0
4,2006,164000,1000,1,1.0
4,2006,148400,1700,2,2.5
4,2006,135000,1488,3,1.0
4,2006,93000,1124,3,1.0
4,2006,224500,1440,2,2.0
4,2006,204900,1498,2,2.0
4,2006,174000,1282,3,2.0
4,2006,133000,848,1,1.0
4,2006,102000,1220,2,1.0
4,2006,117250,914,2,1.0
4,2006,130000,1709,3,2.0
4,2006,137500,1709,3,2.0
4,2006,130000,1708,3,2.0
4,2006,97900,936,3,1.0
4,2006,115000,864,2,1.0
4,2006,106500,951,2,1.0
4,2006,139000,1638,4,2.0
4,2006,78000,936,2,1.0
4,2006,335000,2519,4,2.5
4,2006,250000,2514,4,2.5
4,2006,73000,630,1,1.0
4,2006,71000,1092,3,1.5
4,2006,170000,1389,2,1.0
5,2006,149900,1293,2,2.0
5,2006,183500,1525,3,2.5
5,2006,202000,1776,3,2.5
5,2006,309000,2212,3,2.5
5,2006,165600,1501,3,2.5
5,2006,169000,2320,2,2.0
5,2006,202500,1621,3,2.0
5,2006,207500,1686,3,2.0
5,2006,118000,1218,3,1.5
5,2006,338500,2091,3,2.5
5,2006,172785,1456,3,2.5
5,2006,215000,1456,2,2.0
5,2006,246990,1511,2,2.0
5,2006,178740,1414,2,2.0
5,2006,584500,3500,4,3.5
5,2006,290000,1660,3,2.0
5,2006,185000,1262,2,2.0
5,2006,158000,1158,3,1.5
5,2006,176400,1143,1,1.5
5,2006,214000,1235,1,1.0
5,2006,179900,1416,3,2.5
5,2006,151500,1248,3,1.0
5,2006,137000,1043,2,1.0
5,2006,135000,1216,3,1.0
5,2006,226000,2157,4,2.5
5,2006,132500,1190,3,1.0
5,2006,141000,1092,2,1.0
5,2006,153000,1124,3,1.0
5,2006,134450,1236,2,1.0
5,2006,112000,1310,2,2.0
5,2006,160000,2414,3,2.0
5,2006,147000,1207,3,1.5
5,2006,87500,1040,2,2.0
5,2006,141000,1150,3,1.0
5,2006,134500,999,3,1.0
5,2006,135000,1668,3,1.0
5,2006,139900,1428,4,1.0
5,2006,120000,1182,3,1.5
5,2006,87000,1774,4,2.0
5,2006,202500,1827,2,1.0
5,2006,119900,1118,3,1.0
5,2006,129000,960,3,1.0
5,2006,91000,1077,3,1.0
5,2006,157000,1073,2,2.0
5,2006,164500,1320,3,1.0
5,2006,157000,1949,6,2.0
5,2006,145000,960,0,0.0
5,2006,182000,1560,3,2.0
5,2006,180000,1298,3,2.0
5,2006,209700,1809,3,2.5
5,2006,193000,1425,3,2.0
5,2006,128500,971,3,1.5
5,2006,227000,1939,3,2.5
5,2006,155900,848,1,1.0
5,2006,200000,1700,3,2.0
5,2006,196500,1724,3,2.5
5,2006,145000,1072,2,1.0
5,2006,134000,1709,3,2.0
5,2006,130000,1709,3,2.0
5,2006,92000,1338,3,2.0
5,2006,107000,1669,4,1.5
5,2006,81000,1184,5,1.0
5,2006,160000,1479,3,1.0
5,2006,199500,1609,3,1.5
5,2006,145400,1285,3,1.0
5,2006,209000,1491,3,2.0
5,2006,135000,1004,2,1.0
5,2006,148000,1210,3,2.0
5,2006,312500,1800,3,2.0
5,2006,81500,1600,3,1.5
5,2006,164000,1216,2,2.0
5,2006,104500,1304,3,1.5
5,2006,79400,1092,3,1.5
5,2006,140000,1360,3,1.0
5,2006,160000,1126,3,2.0
6,2006,169000,1797,3,1.5
6,2006,185000,1511,3,2.5
6,2006,239900,1801,3,2.5
6,2006,176500,1632,3,2.5
6,2006,239000,1767,2,2.0
6,2006,169000,1102,2,1.0
6,2006,241500,1872,3,2.0
6,2006,294323,2318,3,2.5
6,2006,184500,1875,3,3.0
6,2006,155000,1103,3,2.0
6,2006,88000,858,3,1.0
6,2006,125500,1365,3,1.5
6,2006,83000,987,2,1.5
6,2006,94500,987,2,1.5
6,2006,415000,1868,2,2.0
6,2006,275000,1904,3,2.5
6,2006,185850,1364,2,2.0
6,2006,332200,1686,1,2.0
6,2006,310090,1666,2,2.0
6,2006,258000,2373,4,2.5
6,2006,156820,1142,2,2.0
6,2006,183200,1509,3,2.5
6,2006,348000,2392,3,2.5
6,2006,300000,2234,3,2.5
6,2006,280000,1924,3,2.5
6,2006,350000,2726,4,2.5
6,2006,321000,2494,4,2.5
6,2006,232600,1489,3,2.0
6,2006,151000,1217,2,2.0
6,2006,135000,1236,3,1.0
6,2006,129200,941,3,1.0
6,2006,151000,1200,2,2.5
6,2006,166000,1524,2,2.5
6,2006,165000,1208,3,1.5
6,2006,262500,2156,3,2.0
6,2006,155000,1770,4,1.5
6,2006,190000,1993,4,2.5
6,2006,145000,1712,4,2.0
6,2006,185900,1565,3,2.0
6,2006,79900,747,1,1.0
6,2006,127000,1252,3,1.0
6,2006,161000,1433,3,1.0
6,2006,118000,1128,2,1.0
6,2006,156000,1050,3,1.0
6,2006,140000,1375,2,1.0
6,2006,155000,1575,2,1.5
6,2006,142000,884,2,1.0
6,2006,159000,1384,2,1.0
6,2006,120000,1130,2,1.0
6,2006,159950,1086,3,1.0
6,2006,165000,1146,3,1.0
6,2006,159000,1734,3,1.5
6,2006,157500,1472,2,2.0
6,2006,109500,1040,2,1.0
6,2006,169000,2014,5,2.0
6,2006,156500,1416,3,1.0
6,2006,110000,813,2,1.0
6,2006,108000,1032,2,1.0
6,2006,124000,1750,3,1.0
6,2006,135500,960,3,1.0
6,2006,61500,492,1,1.0
6,2006,64000,840,2,1.0
6,2006,475000,3608,4,2.5
6,2006,89000,616,2,1.0
6,2006,117000,1635,2,1.0
6,2006,119500,1376,3,2.0
6,2006,84500,754,2,1.0
6,2006,137500,1422,3,1.0
6,2006,131000,1640,3,1.0
6,2006,125000,1032,2,1.0
6,2006,153600,1064,3,1.0
6,2006,142500,1059,3,1.0
6,2006,278000,1830,2,1.0
6,2006,130000,810,2,1.0
6,2006,142500,894,3,1.0
6,2006,146000,1350,3,1.5
6,2006,181000,1596,3,2.5
6,2006,190000,1582,4,2.0
6,2006,145000,1100,3,1.5
6,2006,196000,1749,3,2.5
6,2006,200000,1861,3,2.5
6,2006,128500,864,3,1.0
6,2006,137000,1320,3,2.5
6,2006,220000,1358,1,1.5
6,2006,274300,2097,3,2.5
6,2006,140000,1072,2,2.0
6,2006,140000,1595,2,1.0
6,2006,149000,1510,3,1.0
6,2006,102000,1522,4,2.0
6,2006,230000,1517,3,1.0
6,2006,250000,2057,3,1.5
6,2006,157000,1336,2,1.0
6,2006,72000,672,2,1.0
6,2006,151400,2521,5,2.5
6,2006,79500,1092,3,1.5
6,2006,90500,1092,3,1.5
6,2006,131000,902,2,1.0
7,2006,187500,1498,3,2.5
7,2006,183500,1169,3,2.0
7,2006,356383,2473,4,2.5
7,2006,556581,2868,4,3.5
7,2006,361919,2576,4,2.5
7,2006,535000,2698,4,2.5
7,2006,190000,1574,3,2.5
7,2006,188900,1857,4,2.5
7,2006,250000,2784,5,3.5
7,2006,172000,1083,2,1.0
7,2006,153500,1074,3,1.5
7,2006,116050,864,3,1.0
7,2006,116000,1030,3,1.5
7,2006,89000,948,2,1.5
7,2006,146300,1069,2,2.0
7,2006,144000,1456,3,2.5
7,2006,252000,1618,2,2.0
7,2006,345000,2324,4,3.0
7,2006,344133,2253,3,2.5
7,2006,174190,1326,3,2.0
7,2006,192140,1838,4,2.5
7,2006,201490,1598,3,2.5
7,2006,180000,1509,3,2.5
7,2006,199900,1886,4,2.5
7,2006,625000,3627,4,3.5
7,2006,258000,2263,4,2.5
7,2006,187000,1837,3,2.5
7,2006,175900,1603,3,2.5
7,2006,172000,1398,2,2.0
7,2006,150000,1320,3,2.5
7,2006,119900,965,3,1.0
7,2006,129500,988,3,1.0
7,2006,151000,1212,3,1.0
7,2006,126000,984,3,1.0
7,2006,268000,2295,4,2.5
7,2006,262000,1624,2,2.0
7,2006,147400,1223,2,2.5
7,2006,149900,1223,2,2.5
7,2006,139000,1080,2,2.5
7,2006,190000,1226,1,1.0
7,2006,170000,1226,1,1.0
7,2006,146500,1193,2,2.0
7,2006,140000,1164,3,1.5
7,2006,142000,1051,3,1.0
7,2006,158000,1141,3,1.0
7,2006,129900,864,3,1.0
7,2006,157500,1440,4,1.5
7,2006,150000,1053,3,1.5
7,2006,129800,816,2,1.0
7,2006,137000,1008,2,1.0
7,2006,146500,1624,2,1.0
7,2006,137000,1728,3,1.5
7,2006,133500,1005,2,1.0
7,2006,180000,2640,5,2.5
7,2006,159500,1194,3,1.0
7,2006,129900,816,2,1.0
7,2006,109900,1040,2,1.0
7,2006,133700,1040,3,1.0
7,2006,93500,1040,2,2.0
7,2006,146000,1150,3,1.0
7,2006,155000,1348,3,1.5
7,2006,111500,1657,4,1.0
7,2006,105000,1004,2,1.0
7,2006,111500,844,2,1.0
7,2006,126175,1163,3,1.0
7,2006,155000,2104,5,2.0
7,2006,144000,1690,3,1.0
7,2006,125000,960,3,1.0
7,2006,88000,1015,3,1.0
7,2006,80500,912,2,1.0
7,2006,110500,1103,2,1.0
7,2006,109000,816,2,1.0
7,2006,116500,1330,3,1.0
7,2006,125500,1360,2,1.5
7,2006,150000,1921,4,2.0
7,2006,130000,1352,3,1.0
7,2006,132000,934,2,1.0
7,2006,158000,1159,3,1.5
7,2006,165000,1458,3,1.5
7,2006,180000,1721,3,2.5
7,2006,160500,1040,3,1.0
7,2006,172500,1920,4,2.0
7,2006,170000,1779,3,1.5
7,2006,225000,2287,3,2.0
7,2006,149900,1609,5,1.5
7,2006,229800,1876,3,2.5
7,2006,194000,1220,2,2.0
7,2006,193879,1294,2,2.0
7,2006,221500,1614,3,2.0
7,2006,233555,1846,3,2.0
7,2006,158900,1388,3,2.0
7,2006,148000,914,2,1.0
7,2006,156000,990,3,1.0
7,2006,217000,1494,3,2.0
7,2006,132500,954,3,1.0
7,2006,149900,894,3,1.0
7,2006,222000,1762,3,2.5
7,2006,268500,2214,3,2.5
7,2006,237000,1995,4,2.5
7,2006,233230,1919,3,2.5
7,2006,212900,1552,3,2.0
7,2006,163990,1456,3,2.5
7,2006,164990,1310,3,2.0
7,2006,116000,1250,3,1.5
7,2006,160000,1928,5,2.0
7,2006,137000,1551,3,2.0
7,2006,128000,1340,3,1.0
7,2006,138887,1784,4,1.5
7,2006,200100,1802,4,1.5
7,2006,131000,1465,3,2.0
7,2006,137500,1180,2,1.0
7,2006,239000,2345,4,2.5
7,2006,230000,1811,2,1.0
7,2006,257000,2315,4,2.0
7,2006,171000,1959,5,3.0
7,2006,176000,1137,2,2.0
7,2006,180000,1339,2,2.0
7,2006,84500,1140,3,1.0
7,2006,127000,1475,4,2.0
7,2006,150900,1728,4,2.0
7,2006,188000,1728,4,2.0
7,2006,132000,970,3,1.0
8,2006,157500,1024,2,1.0
8,2006,240000,1670,3,2.0
8,2006,130000,1204,2,2.0
8,2006,318000,1714,2,2.0
8,2006,319000,1826,3,2.0
8,2006,412083,2589,4,2.5
8,2006,300000,2206,4,2.5
8,2006,329900,2358,4,2.5
8,2006,378000,1780,2,2.0
8,2006,374000,1792,2,2.0
8,2006,287602,2322,4,3.5
8,2006,266000,1939,3,2.5
8,2006,197000,1576,3,2.5
8,2006,187750,1301,2,2.0
8,2006,119500,1654,4,2.0
8,2006,250000,2654,4,2.5
8,2006,157500,976,2,1.0
8,2006,140000,898,3,1.0
8,2006,121600,1230,3,1.5
8,2006,85500,869,2,1.0
8,2006,133000,1578,3,1.0
8,2006,117000,833,2,1.0
8,2006,68000,715,2,1.0
8,2006,183000,1773,3,2.0
8,2006,178000,1641,3,1.5
8,2006,105000,864,2,1.0
8,2006,139000,1566,5,1.5
8,2006,149000,1576,3,1.0
8,2006,113000,1048,2,1.0
8,2006,156500,1967,6,2.0
8,2006,225000,2008,3,3.0
8,2006,274970,2201,4,2.0
8,2006,91500,1456,4,1.0
8,2006,239799,1962,3,2.5
8,2006,294900,1590,2,2.5
8,2006,187000,1499,3,2.5
8,2006,214000,1588,3,2.0
8,2006,214000,1755,3,2.5
8,2006,275000,1787,3,2.0
8,2006,210900,2049,4,2.5
8,2006,203160,1737,3,2.5
8,2006,196500,1720,3,2.5
8,2006,173900,1500,3,2.5
8,2006,102000,976,2,1.0
8,2006,92000,630,1,1.0
9,2006,274725,2021,3,2.5
9,2006,545224,3390,5,3.5
9,2006,470000,2000,3,2.5
9,2006,190000,1419,2,2.0
9,2006,145000,1387,3,1.0
9,2006,315000,1980,3,2.0
9,2006,342643,2596,4,3.5
9,2006,465000,2076,2,2.5
9,2006,293000,1740,4,2.0
9,2006,309000,2452,4,3.5
9,2006,202500,1368,2,2.0
9,2006,169985,1492,3,2.5
9,2006,179665,1496,3,2.5
9,2006,225000,1548,2,2.0
9,2006,336820,1670,2,2.5
9,2006,199000,1504,3,2.0
9,2006,221000,1568,3,2.0
9,2006,188000,1036,1,1.0
9,2006,170000,1920,4,3.0
9,2006,127000,1145,3,1.0
9,2006,277500,2448,3,3.0
9,2006,147500,1521,3,1.5
9,2006,119000,1556,4,2.0
9,2006,107000,1328,3,1.0
9,2006,114500,1176,3,1.0
9,2006,72000,819,2,1.0
9,2006,123500,1148,2,1.0
9,2006,215000,1911,3,2.5
9,2006,235000,1525,3,2.0
9,2006,217000,1779,3,2.5
9,2006,197000,1909,4,2.5
9,2006,195000,1948,4,2.5
9,2006,198000,1336,3,2.0
9,2006,83000,1414,3,1.0
9,2006,121000,1273,3,1.0
9,2006,167000,1636,4,1.5
9,2006,195000,1550,3,1.5
9,2006,108000,1336,3,1.5
9,2006,242500,1625,3,2.0
9,2006,359900,1838,3,2.0
9,2006,131000,1224,4,1.0
10,2006,252000,1390,1,1.5
10,2006,438780,2945,3,3.5
10,2006,108000,1092,3,1.5
10,2006,281000,1970,3,2.5
10,2006,169990,1316,3,2.0
10,2006,185101,1492,3,2.5
10,2006,234000,1557,2,2.0
10,2006,264561,1567,1,2.0
10,2006,246578,1500,2,2.0
10,2006,178000,1414,3,2.5
10,2006,315000,2799,3,2.5
10,2006,198600,1278,2,2.0
10,2006,186800,1400,3,2.0
10,2006,248500,1731,3,2.5
10,2006,133500,925,2,1.0
10,2006,334000,2826,3,2.5
10,2006,135500,980,3,2.0
10,2006,146000,1200,1,1.5
10,2006,137900,2136,4,2.0
10,2006,119000,1584,4,2.0
10,2006,135000,1008,2,1.0
10,2006,127000,1312,3,1.5
10,2006,99800,713,2,1.0
10,2006,120000,864,2,1.0
10,2006,116000,1118,2,1.0
10,2006,163000,1768,2,1.5
10,2006,114504,1368,3,1.0
10,2006,157000,1762,4,1.5
10,2006,64500,1020,2,1.0
10,2006,140200,1577,3,1.0
10,2006,159000,1664,3,2.0
10,2006,220000,2486,5,2.0
10,2006,107000,1430,3,2.0
10,2006,148000,1382,3,1.5
10,2006,90000,1296,2,2.0
10,2006,136900,1855,4,2.0
10,2006,180000,988,1,1.0
10,2006,216837,1836,3,2.0
10,2006,98000,1436,3,2.0
10,2006,127500,1012,4,2.0
10,2006,127500,980,4,2.0
10,2006,142500,1072,2,1.0
10,2006,125000,1482,3,2.0
10,2006,51689,729,2,1.0
10,2006,35311,480,1,0.0
10,2006,115000,1396,4,2.0
10,2006,145000,1664,4,2.0
10,2006,202000,1403,2,2.0
10,2006,126500,874,3,1.0
11,2006,222000,2236,4,2.5
11,2006,325300,2376,4,3.5
11,2006,298236,2389,4,2.5
11,2006,360000,1944,3,2.0
11,2006,219210,1863,4,2.5
11,2006,210250,1364,2,2.0
11,2006,230500,1936,3,2.5
11,2006,405749,2640,3,3.5
11,2006,107000,1056,2,1.0
11,2006,125000,1728,6,2.0
11,2006,116000,909,3,1.0
11,2006,137000,935,3,1.0
11,2006,310000,2520,5,2.5
11,2006,200000,1694,3,2.5
11,2006,385000,1842,0,0.5
11,2006,165150,1790,4,2.0
11,2006,138500,1052,3,1.5
11,2006,172000,1246,3,1.0
11,2006,125000,1056,3,1.5
11,2006,115000,912,2,1.0
11,2006,75000,1162,3,1.0
11,2006,168000,1437,3,1.5
11,2006,209000,2559,4,2.5
11,2006,255000,1989,3,2.5
11,2006,149900,1466,3,1.5
11,2006,112000,1288,4,1.0
11,2006,210000,1801,3,1.5
11,2006,230000,1295,2,2.0
11,2006,320000,1960,3,2.0
11,2006,215000,1368,2,2.0
11,2006,188000,2000,3,2.5
12,2006,270000,2687,4,2.5
12,2006,275000,1742,2,2.0
12,2006,105500,1092,3,1.5
12,2006,123000,900,3,1.0
12,2006,290000,2526,4,2.5
12,2006,98600,1235,2,1.0
12,2006,162000,1336,3,1.5
12,2006,135960,943,2,1.0
12,2006,167000,2039,3,1.5
12,2006,108480,1073,2,1.0
12,2006,160000,1324,3,2.0
12,2006,207500,1600,2,1.0
12,2006,135000,1192,4,1.5
12,2006,81400,1040,2,2.0
12,2006,93500,1248,2,2.0
12,2006,190000,1453,2,1.5
12,2006,235000,2009,4,2.0
12,2006,415000,3672,5,3.5
12,2006,280000,1533,2,2.0
12,2006,157500,1388,3,1.5
12,2006,119900,1176,2,1.0
12,2006,223000,1844,3,2.0
12,2006,300000,1646,2,2.0
12,2006,87550,1092,3,1.5
1,2007,441929,2234,1,1.5
1,2007,178000,1868,3,3.5
1,2007,350000,2385,3,2.5
1,2007,232698,1721,3,2.0
1,2007,322500,2582,4,2.5
1,2007,755000,4316,4,3.5
1,2007,215000,1534,3,2.0
1,2007,171000,1701,3,2.0
1,2007,147000,1055,2,1.0
1,2007,162500,1082,3,1.0
1,2007,124000,1074,2,1.0
1,2007,117600,894,3,1.0
1,2007,39300,334,1,1.0
1,2007,86000,691,2,1.0
1,2007,143000,1846,3,2.0
1,2007,122000,1889,4,1.5
1,2007,115000,897,3,1.0
1,2007,127000,955,3,1.0
1,2007,228500,1982,3,2.5
1,2007,203000,1274,3,2.0
1,2007,134900,1040,3,1.5
1,2007,130000,907,3,1.0
1,2007,122000,969,3,1.5
1,2007,270000,1673,3,2.0
1,2007,275000,2439,4,2.5
1,2007,246900,1341,1,1.5
1,2007,150000,2592,6,2.0
1,2007,183500,1299,2,2.0
1,2007,180500,1312,2,2.0
1,2007,132250,1040,3,1.0
1,2007,75000,1092,3,1.5
2,2007,244000,2223,3,2.0
2,2007,175000,1484,3,2.0
2,2007,174000,1324,3,2.0
2,2007,113500,1092,3,1.5
2,2007,128000,958,2,2.0
2,2007,250000,1828,3,2.5
2,2007,194201,1402,2,1.0
2,2007,147000,1795,2,2.0
2,2007,300000,2503,3,2.5
2,2007,166000,1151,2,2.0
2,2007,193800,1565,2,2.0
2,2007,127000,1052,3,1.0
2,2007,137500,964,3,1.0
2,2007,130000,1360,3,1.0
2,2007,153000,1647,3,1.0
2,2007,120000,888,3,1.0
2,2007,89500,1022,2,1.0
2,2007,185000,2454,3,2.0
2,2007,128000,1232,3,1.5
2,2007,165000,1376,3,1.0
2,2007,99500,1315,3,2.0
2,2007,123000,1040,3,1.0
2,2007,182000,1522,3,2.0
2,2007,190550,1690,3,2.5
2,2007,141000,2233,5,2.5
2,2007,111000,948,3,1.0
2,2007,198000,1696,3,2.0
2,2007,281213,2482,4,2.5
3,2007,167300,1587,3,2.0
3,2007,161500,1384,3,2.5
3,2007,160000,1694,3,2.5
3,2007,154204,1128,3,1.0
3,2007,319900,1612,2,2.0
3,2007,176000,1479,3,2.5
3,2007,192000,1930,4,2.5
3,2007,143250,981,3,1.5
3,2007,338931,2550,4,2.5
3,2007,380000,2643,3,2.5
3,2007,200000,1405,2,2.0
3,2007,171925,1495,3,2.5
3,2007,156932,1412,3,2.5
3,2007,466500,2633,2,2.5
3,2007,320000,1905,3,2.0
3,2007,221300,1830,3,2.5
3,2007,120750,894,2,1.0
3,2007,132500,999,3,1.0
3,2007,143900,1696,3,1.5
3,2007,148800,1102,2,2.5
3,2007,255000,2362,3,2.5
3,2007,373000,2497,2,2.0
3,2007,127000,1107,3,1.0
3,2007,101800,1224,2,2.0
3,2007,163500,1657,3,2.0
3,2007,116900,925,3,1.0
3,2007,140000,1170,3,1.0
3,2007,89471,1131,2,1.0
3,2007,145000,1642,4,1.5
3,2007,87000,1248,2,1.0
3,2007,128250,1435,3,1.0
3,2007,135000,1274,3,2.0
3,2007,131000,1218,3,1.0
3,2007,126000,1409,3,1.5
3,2007,127000,1355,3,1.5
3,2007,101000,1111,3,1.0
3,2007,200500,3086,3,3.0
3,2007,130000,999,3,1.0
3,2007,130000,1630,3,2.0
3,2007,96000,1362,4,2.0
3,2007,176432,1314,3,2.0
3,2007,235500,1873,3,2.5
3,2007,217000,1753,3,2.5
3,2007,112500,882,3,1.0
3,2007,200000,3395,8,2.0
3,2007,90350,694,2,1.0
3,2007,220000,1991,3,1.5
3,2007,200000,1020,1,1.0
3,2007,200624,2515,4,3.0
3,2007,150909,1828,3,2.0
3,2007,68104,845,1,1.0
3,2007,148000,918,3,1.0
3,2007,168000,1622,3,1.0
4,2007,167000,1277,2,1.0
4,2007,180000,1714,3,2.5
4,2007,182900,1440,3,2.0
4,2007,174000,1284,3,2.0
4,2007,152000,1620,4,2.5
4,2007,106000,1302,3,2.5
4,2007,142500,1055,2,2.0
4,2007,188500,1119,2,2.0
4,2007,206580,1525,3,2.5
4,2007,249000,1506,3,2.0
4,2007,253000,1685,2,2.0
4,2007,132000,1057,3,1.0
4,2007,285000,2872,4,2.5
4,2007,208900,1352,2,2.0
4,2007,164000,1295,3,1.5
4,2007,103000,1224,2,2.0
4,2007,151500,958,2,1.0
4,2007,64500,666,2,1.0
4,2007,105000,1376,3,1.0
4,2007,157900,1442,4,1.5
4,2007,174850,1721,4,1.0
4,2007,116000,922,2,1.0
4,2007,125000,948,2,1.0
4,2007,138000,1544,3,2.0
4,2007,103200,882,1,1.0
4,2007,135000,1134,2,1.0
4,2007,103000,960,2,1.0
4,2007,202500,2294,5,3.0
4,2007,212300,1952,4,1.5
4,2007,219000,2267,3,1.5
4,2007,126000,1134,3,1.5
4,2007,118500,1029,3,1.0
4,2007,143500,1285,3,1.5
4,2007,125000,1342,4,1.0
4,2007,228500,1822,4,2.0
4,2007,424870,2828,4,3.0
4,2007,277000,2062,3,2.5
4,2007,126000,990,3,1.0
4,2007,213500,1797,3,2.5
4,2007,140000,1214,2,1.0
4,2007,133500,1044,3,1.0
4,2007,155000,1125,2,1.5
4,2007,136500,1422,3,1.0
4,2007,141500,1436,3,1.0
4,2007,143000,1026,2,1.0
4,2007,231713,1689,3,2.0
4,2007,187500,1717,3,2.5
4,2007,282000,1922,2,2.0
4,2007,75190,1092,3,1.5
4,2007,129500,768,2,1.0
5,2007,168000,1572,3,2.5
5,2007,160000,1472,3,2.5
5,2007,120500,864,3,1.0
5,2007,113000,1218,3,1.5
5,2007,415298,2121,3,2.5
5,2007,250000,1634,3,2.0
5,2007,418000,2758,4,2.5
5,2007,285000,2374,4,2.5
5,2007,245700,1614,3,2.0
5,2007,200000,1302,1,1.5
5,2007,209500,1554,2,2.0
5,2007,280000,1577,2,2.0
5,2007,181755,1496,3,3.0
5,2007,168165,1458,3,2.0
5,2007,183500,1720,3,2.5
5,2007,185000,1644,3,2.5
5,2007,252000,2385,4,2.5
5,2007,430000,3228,4,3.0
5,2007,330000,2538,4,2.5
5,2007,261329,1584,2,2.0
5,2007,149000,1094,3,1.0
5,2007,191750,1820,3,2.5
5,2007,129000,1120,3,1.5
5,2007,279700,1494,1,1.5
5,2007,181500,1262,3,2.0
5,2007,226000,1929,3,2.5
5,2007,185000,1610,3,2.0
5,2007,161000,1042,3,2.0
5,2007,126000,1560,4,2.0
5,2007,158500,1254,3,1.0
5,2007,150000,1244,3,1.5
5,2007,134500,1008,2,1.0
5,2007,135000,893,2,1.0
5,2007,119000,988,3,1.0
5,2007,152000,1242,3,1.5
5,2007,132000,1432,2,2.0
5,2007,130000,1072,2,1.0
5,2007,85000,1141,3,1.0
5,2007,137000,1798,4,2.5
5,2007,184900,1772,3,2.5
5,2007,117500,2210,5,2.0
5,2007,104500,968,2,1.0
5,2007,110000,1382,1,2.0
5,2007,144000,1167,3,1.0
5,2007,210000,1635,3,1.5
5,2007,137500,1513,4,1.5
5,2007,102000,986,2,1.0
5,2007,200000,2264,4,2.5
5,2007,161000,2180,3,1.5
5,2007,128500,1382,2,1.5
5,2007,165000,1020,3,2.0
5,2007,129000,913,3,1.0
5,2007,125000,894,3,1.0
5,2007,108000,948,3,1.0
5,2007,119900,868,2,1.0
5,2007,129000,894,3,1.0
5,2007,158000,2654,4,3.0
5,2007,89500,998,3,1.0
5,2007,154000,1626,3,1.5
5,2007,118000,864,3,1.0
5,2007,179900,1442,3,2.0
5,2007,194000,1240,2,2.0
5,2007,207000,1873,3,2.5
5,2007,279000,1743,0,0.5
5,2007,175000,1308,3,2.5
5,2007,211000,1796,3,2.5
5,2007,204750,1786,3,2.5
5,2007,267000,2452,4,2.5
5,2007,168675,1491,3,2.5
5,2007,94750,960,3,1.0
5,2007,118500,816,3,1.0
5,2007,148000,1113,3,1.5
5,2007,171500,1408,3,2.5
5,2007,140000,1072,2,1.0
5,2007,79000,774,3,1.0
5,2007,110000,894,3,1.0
5,2007,112000,1346,2,1.5
5,2007,201000,1560,3,1.5
5,2007,141000,1215,3,1.0
5,2007,118400,1012,2,1.0
5,2007,210000,1478,3,2.0
5,2007,187500,1146,3,2.0
5,2007,186700,1572,3,1.5
5,2007,283463,1776,3,2.0
5,2007,85500,1092,3,1.5
5,2007,93900,1092,3,1.5
5,2007,146800,1062,3,1.0
5,2007,196000,1676,3,1.5
5,2007,139000,816,2,1.0
6,2007,176000,1253,3,2.0
6,2007,591587,2338,4,2.5
6,2007,195000,2030,4,2.5
6,2007,175000,1743,3,2.0
6,2007,184000,1479,4,1.5
6,2007,123000,872,3,1.0
6,2007,110000,858,2,1.0
6,2007,133000,767,1,1.0
6,2007,322400,1694,3,2.0
6,2007,260116,2152,3,2.5
6,2007,372000,1802,3,2.5
6,2007,354000,2468,4,2.5
6,2007,194700,1362,2,2.0
6,2007,207000,1362,2,2.0
6,2007,176000,1536,3,2.5
6,2007,198444,1746,3,2.5
6,2007,203000,1326,3,2.0
6,2007,172500,1258,2,2.0
6,2007,175000,1374,3,2.5
6,2007,187000,1690,3,2.5
6,2007,384500,2551,4,2.5
6,2007,248000,2285,4,2.5
6,2007,269790,2013,3,2.5
6,2007,290000,2520,4,2.5
6,2007,255000,1636,3,2.0
6,2007,248328,1689,3,2.0
6,2007,225000,1496,3,2.0
6,2007,210400,1335,3,2.0
6,2007,265000,2443,4,2.5
6,2007,146000,1100,3,1.5
6,2007,181000,1486,3,2.0
6,2007,145000,1040,3,1.5
6,2007,302000,2810,4,2.5
6,2007,164700,1250,2,2.5
6,2007,176000,1458,2,2.5
6,2007,168500,1512,2,2.5
6,2007,177000,1525,3,2.5
6,2007,239000,1950,3,2.5
6,2007,312500,2362,3,2.5
6,2007,194000,1432,2,1.5
6,2007,240050,2411,4,2.5
6,2007,136905,1680,4,2.0
6,2007,156000,1073,3,1.5
6,2007,144000,1344,2,1.0
6,2007,145000,1138,3,1.0
6,2007,120000,912,2,1.0
6,2007,181900,1429,3,1.0
6,2007,165000,1977,4,1.5
6,2007,146500,1644,3,1.5
6,2007,175000,1280,3,2.0
6,2007,120000,1144,3,1.0
6,2007,135000,1048,3,1.0
6,2007,130000,1411,3,1.0
6,2007,136000,1040,3,1.0
6,2007,127000,925,3,1.0
6,2007,132000,928,2,1.0
6,2007,112500,924,2,1.0
6,2007,156000,1728,3,1.0
6,2007,135000,1174,2,1.0
6,2007,120000,1183,2,1.5
6,2007,114000,1232,3,1.0
6,2007,153500,1559,2,1.0
6,2007,169500,1818,4,1.5
6,2007,139400,1108,3,1.0
6,2007,87000,840,3,1.0
6,2007,134500,943,2,1.0
6,2007,302000,1824,2,2.0
6,2007,243000,2158,4,2.0
6,2007,120000,1340,3,1.0
6,2007,225000,2243,4,2.5
6,2007,360000,2140,3,2.5
6,2007,217000,1546,3,2.0
6,2007,212999,1500,3,2.0
6,2007,277000,2144,4,2.0
6,2007,240000,1953,3,2.5
6,2007,226000,1479,3,2.0
6,2007,160000,1009,3,2.0
6,2007,213000,1932,3,2.5
6,2007,228000,1592,3,2.0
6,2007,211000,1992,3,2.5
6,2007,179400,1476,3,2.5
6,2007,167000,1536,3,2.5
6,2007,110000,1088,2,1.0
6,2007,110000,1179,2,1.0
6,2007,157000,1090,2,1.5
6,2007,96500,789,2,1.0
6,2007,175000,1768,3,1.5
6,2007,148500,1098,2,1.0
6,2007,189950,1426,3,1.5
6,2007,119750,954,2,1.0
6,2007,153500,1226,2,1.5
6,2007,257500,1839,3,2.0
6,2007,170000,1680,4,2.0
6,2007,100000,1123,3,1.0
6,2007,152000,1558,4,1.5
6,2007,119600,1991,4,2.0
6,2007,156000,912,2,1.0
6,2007,134000,1080,3,1.5
6,2007,130000,2034,2,1.0
6,2007,140000,936,0,0.5
6,2007,143000,1632,4,2.0
6,2007,129900,1060,3,1.0
6,2007,157000,1432,3,1.5
6,2007,129500,845,2,1.0
6,2007,135000,1178,3,1.5
6,2007,124500,816,2,1.0
7,2007,177000,1470,3,2.0
7,2007,163900,1482,3,2.5
7,2007,168000,1642,3,2.5
7,2007,377426,1922,3,2.0
7,2007,349265,2541,4,3.5
7,2007,148000,1032,3,2.0
7,2007,119500,950,3,1.0
7,2007,128000,914,2,1.0
7,2007,155000,1337,2,2.0
7,2007,155000,1548,3,2.5
7,2007,314813,1828,3,2.0
7,2007,395000,1973,3,2.0
7,2007,440000,1976,2,2.0
7,2007,178900,1484,3,2.5
7,2007,179540,1456,3,2.5
7,2007,177594,1456,3,2.5
7,2007,215000,1959,4,2.5
7,2007,211000,1948,4,2.5
7,2007,219500,1995,4,2.5
7,2007,745000,4476,4,3.5
7,2007,410000,3078,4,2.5
7,2007,260261,1542,3,2.0
7,2007,250000,1977,3,2.5
7,2007,212109,1588,3,3.0
7,2007,249700,1656,3,2.0
7,2007,201000,1721,3,2.5
7,2007,179200,1575,2,2.0
7,2007,128000,1266,2,1.5
7,2007,132500,970,2,1.0
7,2007,294000,2167,3,2.5
7,2007,214000,1378,2,2.0
7,2007,207500,1550,2,2.5
7,2007,218000,1437,3,2.0
7,2007,213750,1295,1,1.0
7,2007,188500,1594,2,2.0
7,2007,143000,1214,3,2.0
7,2007,126500,1065,3,1.5
7,2007,106500,882,3,1.0
7,2007,224500,2154,5,2.5
7,2007,200000,1652,3,1.5
7,2007,150750,1327,3,1.0
7,2007,64000,670,2,1.0
7,2007,112000,808,2,1.0
7,2007,137000,1920,4,2.0
7,2007,114500,912,2,1.0
7,2007,144000,1524,3,1.5
7,2007,142100,1053,3,1.0
7,2007,139400,1056,3,1.0
7,2007,142000,1154,3,1.5
7,2007,109000,1034,2,1.0
7,2007,148000,1534,3,1.5
7,2007,122900,924,3,1.0
7,2007,129000,864,3,1.0
7,2007,152000,1040,3,1.0
7,2007,141000,1800,6,2.0
7,2007,99000,925,3,1.0
7,2007,187000,1851,3,2.5
7,2007,169500,1812,4,2.0
7,2007,127500,1296,3,1.0
7,2007,99900,967,2,1.0
7,2007,108500,960,2,1.0
7,2007,100000,968,2,1.0
7,2007,125000,1472,3,1.0
7,2007,124500,1358,3,1.5
7,2007,159500,2554,3,1.5
7,2007,113000,884,2,1.0
7,2007,132000,1322,4,1.0
7,2007,131750,1426,3,1.0
7,2007,132000,854,2,1.0
7,2007,180500,1824,3,1.0
7,2007,153575,1396,3,1.0
7,2007,109900,1196,2,1.0
7,2007,108500,1282,2,1.0
7,2007,115400,1005,3,1.0
7,2007,129000,912,3,1.0
7,2007,165250,1302,2,1.5
7,2007,216000,1325,3,2.0
7,2007,109900,1242,2,1.0
7,2007,255000,2422,4,3.0
7,2007,86000,605,2,1.0
7,2007,130000,1038,2,2.0
7,2007,136500,1480,4,1.0
7,2007,220000,1958,3,2.5
7,2007,155835,1456,3,2.5
7,2007,175900,1270,2,2.0
7,2007,187500,2087,5,2.5
7,2007,146000,990,3,1.0
7,2007,147900,1097,3,1.5
7,2007,217500,1842,3,2.5
7,2007,153500,1025,3,2.0
7,2007,305900,2000,3,2.0
7,2007,285000,1668,3,2.0
7,2007,219500,1928,4,2.5
7,2007,167840,1330,3,2.0
7,2007,122000,1351,3,1.0
7,2007,98500,1195,4,2.0
7,2007,125000,768,2,1.0
7,2007,135000,1461,3,1.0
7,2007,259500,2320,3,2.5
7,2007,219500,1740,3,1.5
7,2007,245000,1409,1,1.5
7,2007,170000,1328,2,1.5
7,2007,257000,2279,4,2.5
7,2007,174000,1240,3,2.0
7,2007,204000,1756,3,2.5
7,2007,279900,2486,5,3.5
7,2007,106500,992,2,1.0
7,2007,153500,1008,1,1.0
8,2007,169000,1600,3,2.5
8,2007,251000,1652,2,2.0
8,2007,178750,1553,3,2.5
8,2007,204000,2299,5,3.5
8,2007,160000,1187,3,2.0
8,2007,212000,1321,1,1.0
8,2007,151500,1177,3,2.0
8,2007,192350,1353,2,2.0
8,2007,122500,1365,2,1.5
8,2007,356000,1816,3,2.0
8,2007,450000,2046,2,2.5
8,2007,280000,2172,3,2.5
8,2007,500067,2290,2,2.5
8,2007,342000,2956,5,2.5
8,2007,281500,1818,3,2.5
8,2007,204000,1302,1,1.5
8,2007,209500,1554,2,2.0
8,2007,277500,1561,2,2.0
8,2007,176485,1302,3,2.0
8,2007,181134,1340,3,2.0
8,2007,173500,1258,3,2.0
8,2007,185485,1266,2,2.0
8,2007,175000,1647,3,2.5
8,2007,162000,1320,3,2.5
8,2007,315750,2398,3,2.5
8,2007,282922,1464,3,2.0
8,2007,307000,1694,3,2.0
8,2007,303477,2610,4,2.5
8,2007,227875,1761,3,3.0
8,2007,215000,1494,3,2.0
8,2007,125500,902,3,1.0
8,2007,129000,1037,2,1.0
8,2007,194000,1352,2,2.0
8,2007,301000,2048,3,2.5
8,2007,187000,1855,3,2.5
8,2007,190000,2620,4,3.0
8,2007,255000,2075,3,2.5
8,2007,139900,1422,3,1.0
8,2007,140500,1187,2,1.0
8,2007,147000,1374,3,1.0
8,2007,129000,2380,3,2.5
8,2007,139000,1056,3,1.0
8,2007,129500,1216,3,1.0
8,2007,115000,1540,4,1.0
8,2007,128500,1281,1,2.0
8,2007,64500,968,4,2.0
8,2007,128500,952,3,1.0
8,2007,140000,936,2,1.0
8,2007,100000,1047,2,1.0
8,2007,110500,866,2,1.0
8,2007,136500,1060,1,1.0
8,2007,132500,1281,2,1.0
8,2007,136000,2526,5,2.0
8,2007,112000,1416,3,2.0
8,2007,80000,943,3,1.0
8,2007,150000,1440,4,2.0
8,2007,301000,2730,4,2.5
8,2007,279500,1494,3,2.0
8,2007,139500,1022,3,1.0
8,2007,177500,1200,3,2.0
8,2007,123600,990,3,1.0
8,2007,131000,894,3,1.0
8,2007,228500,2169,3,2.5
8,2007,200000,1729,3,2.5
8,2007,118500,936,2,1.0
8,2007,108500,865,2,1.0
8,2007,165000,1502,3,1.5
8,2007,146500,1298,2,2.0
8,2007,164000,1646,4,2.0
8,2007,145000,1958,4,2.0
8,2007,145000,2002,4,2.0
8,2007,315000,2726,2,2.5
8,2007,115000,1517,3,2.0
8,2007,140000,1073,3,1.0
8,2007,134000,1142,3,1.5
9,2007,207500,2090,3,2.0
9,2007,213000,1664,3,2.0
9,2007,170000,1220,2,2.0
9,2007,155000,1422,3,1.0
9,2007,319500,2100,3,2.5
9,2007,221370,1324,2,2.0
9,2007,263000,2202,4,2.5
9,2007,213133,1369,3,2.0
9,2007,235876,1528,3,4.0
9,2007,311872,1726,3,2.0
9,2007,176500,1501,3,2.5
9,2007,177000,1573,3,2.5
9,2007,143450,1152,3,1.5
9,2007,175500,1242,3,1.5
9,2007,141000,936,2,1.0
9,2007,135000,2080,5,2.0
9,2007,90000,2337,5,2.0
9,2007,140000,1344,3,1.5
9,2007,113000,1173,3,2.0
9,2007,117000,1214,2,1.0
9,2007,50000,1484,3,2.0
9,2007,211000,2060,4,2.5
9,2007,250000,1651,3,2.0
9,2007,246500,1651,3,2.0
9,2007,195400,1208,2,2.0
9,2007,180000,1668,3,2.5
9,2007,120000,879,3,1.0
9,2007,127000,864,3,1.0
9,2007,192000,1459,3,2.0
9,2007,61500,1152,2,2.0
9,2007,359100,3194,4,2.5
9,2007,215000,1488,3,2.0
9,2007,129850,1601,3,2.0
9,2007,75200,816,2,1.0
9,2007,330000,1502,1,1.5
9,2007,267300,1564,2,2.0
9,2007,392000,1824,3,2.0
9,2007,188000,1356,3,2.0
9,2007,138000,796,2,1.0
9,2007,93500,974,3,1.0
10,2007,268000,2217,4,2.0
10,2007,225000,1733,3,2.5
10,2007,170000,1088,2,1.5
10,2007,182000,1179,2,2.0
10,2007,392000,1419,2,2.0
10,2007,455000,2042,3,2.0
10,2007,133000,914,3,1.0
10,2007,177000,1337,2,2.0
10,2007,479069,2552,3,2.0
10,2007,317000,2473,4,2.5
10,2007,202500,1370,2,2.0
10,2007,165500,1394,3,2.5
10,2007,419005,1966,1,2.0
10,2007,147000,1143,3,1.5
10,2007,144000,2020,4,2.0
10,2007,128500,988,3,1.0
10,2007,163500,1200,3,2.0
10,2007,158000,1302,3,2.0
10,2007,138500,908,2,1.0
10,2007,144000,1150,2,1.0
10,2007,172000,1651,4,2.0
10,2007,130000,936,3,1.0
10,2007,152000,1616,3,2.0
10,2007,90000,1316,4,1.0
10,2007,150000,1299,3,1.0
10,2007,137000,1176,3,1.0
10,2007,383970,2696,4,2.5
10,2007,200141,1316,3,2.0
10,2007,191000,1795,3,2.5
10,2007,117000,875,3,1.0
10,2007,185000,1337,3,2.0
10,2007,173500,1190,2,2.0
10,2007,183850,5095,2,2.5
10,2007,184750,4676,3,3.5
10,2007,79275,864,3,1.0
10,2007,119000,948,3,1.0
10,2007,238000,1718,4,2.5
10,2007,140000,1355,3,2.0
10,2007,217000,2259,3,2.0
10,2007,375000,1625,2,2.0
10,2007,244000,1501,2,2.0
11,2007,155000,1424,3,1.5
11,2007,190000,1969,3,2.5
11,2007,197000,1725,3,2.5
11,2007,197900,1935,3,2.5
11,2007,178900,1877,4,2.5
11,2007,129250,988,3,1.0
11,2007,318000,1734,3,2.0
11,2007,345474,2122,2,2.5
11,2007,325624,2161,3,1.5
11,2007,226500,1589,2,2.0
11,2007,259000,1530,3,2.0
11,2007,181000,1690,3,2.5
11,2007,290000,2531,4,2.5
11,2007,208900,1338,3,2.0
11,2007,255000,1792,3,2.5
11,2007,199900,1241,1,1.5
11,2007,174000,1441,2,2.5
11,2007,158500,1093,3,2.0
11,2007,119000,1728,6,2.0
11,2007,124000,932,2,1.0
11,2007,301600,3086,4,3.5
11,2007,119200,1082,2,1.0
11,2007,102000,1238,3,1.5
11,2007,156500,1377,3,1.0
11,2007,144100,1650,3,2.0
11,2007,133900,2291,4,2.0
11,2007,127500,1367,3,1.0
11,2007,158450,1452,2,1.0
11,2007,238000,2127,4,2.5
11,2007,276000,2574,3,2.5
11,2007,131500,848,1,1.0
11,2007,179600,1422,3,2.0
11,2007,139000,1250,3,2.0
11,2007,239000,2624,4,2.5
11,2007,188000,1755,4,2.0
11,2007,67000,1077,2,1.0
11,2007,124900,1001,2,1.0
11,2007,248900,1646,3,2.0
11,2007,178000,1491,3,2.0
11,2007,270000,1629,3,2.0
11,2007,80000,1608,3,1.0
12,2007,139000,1109,3,1.0
12,2007,113700,1218,4,1.5
12,2007,318000,1694,3,2.0
12,2007,492000,2656,3,2.5
12,2007,318061,1869,2,2.0
12,2007,166000,1504,3,2.5
12,2007,170000,1430,3,2.5
12,2007,227000,1588,3,2.0
12,2007,260000,1538,3,2.0
12,2007,270000,1959,3,2.5
12,2007,310013,1880,3,2.5
12,2007,340000,2466,4,3.0
12,2007,179000,1349,3,2.0
12,2007,144000,884,2,1.0
12,2007,204000,1358,3,2.0
12,2007,131000,1008,3,1.0
12,2007,128600,1560,4,2.0
12,2007,125500,864,2,1.0
12,2007,141000,1375,3,1.5
12,2007,187000,1375,3,1.0
12,2007,240000,2090,3,2.5
12,2007,131750,960,2,1.0
12,2007,315000,2727,3,2.5
12,2007,123900,1045,2,1.0
12,2007,87000,803,2,1.0
12,2007,235000,1625,2,2.0
12,2007,215000,1392,3,2.0
12,2007,265900,1484,2,2.0
12,2007,239000,1571,3,2.0
12,2007,147000,1120,3,1.0
12,2007,84500,630,1,1.0
12,2007,124500,887,3,1.0
1,2008,317500,1582,3,2.0
1,2008,372402,1710,2,2.0
1,2008,421250,2649,4,2.5
1,2008,214000,1933,4,2.5
1,2008,119916,864,3,1.0
1,2008,328900,1709,2,2.0
1,2008,118000,1077,2,1.0
1,2008,146000,1824,5,2.0
1,2008,111000,1360,2,1.0
1,2008,150000,2009,4,2.0
1,2008,127000,1285,2,1.0
1,2008,108959,1258,0,1.0
1,2008,95541,1140,3,1.0
1,2008,125600,1079,2,1.0
1,2008,260000,1518,2,1.0
1,2008,107500,1347,3,1.0
1,2008,124900,780,2,1.0
1,2008,274000,1947,3,2.5
1,2008,179900,1234,3,2.0
1,2008,149000,848,1,1.0
1,2008,160000,5642,3,2.5
1,2008,120000,1053,2,1.5
1,2008,147500,1264,3,1.0
1,2008,55000,796,2,1.0
1,2008,165500,1955,4,2.0
1,2008,275000,1646,2,2.0
1,2008,264966,1780,3,2.5
1,2008,298751,1728,3,2.0
1,2008,103000,1836,4,2.0
2,2008,103400,987,2,1.5
2,2008,615000,2470,1,1.5
2,2008,219500,1342,2,2.0
2,2008,184000,1490,3,2.5
2,2008,297900,1874,3,2.5
2,2008,226700,1768,3,2.5
2,2008,146000,1392,2,2.0
2,2008,345000,2393,2,2.5
2,2008,141500,1496,3,2.0
2,2008,94000,876,2,1.0
2,2008,120000,1027,2,1.0
2,2008,139500,1627,4,2.0
2,2008,129400,1540,3,1.5
2,2008,129500,1040,3,1.0
2,2008,229000,2037,3,2.5
2,2008,225000,1511,3,2.0
2,2008,145000,990,3,1.0
2,2008,145000,848,1,1.0
2,2008,208500,1710,3,2.5
2,2008,218836,1564,3,2.0
2,2008,160500,1398,3,1.5
2,2008,149000,1502,3,1.5
2,2008,120500,778,2,1.0
2,2008,13100,733,2,1.0
2,2008,171500,1279,3,2.0
2,2008,146000,1092,2,1.0
2,2008,152500,1160,3,1.0
2,2008,113000,988,2,1.0
3,2008,220000,1782,3,2.0
3,2008,175000,1126,3,2.0
3,2008,185000,2044,3,2.5
3,2008,412500,2668,3,2.5
3,2008,159895,1266,2,2.0
3,2008,187687,1246,2,2.0
3,2008,170000,1162,3,2.0
3,2008,153900,1199,2,2.0
3,2008,171900,1250,2,2.5
3,2008,146000,1392,2,2.0
3,2008,160000,1252,2,2.5
3,2008,98000,1014,2,1.0
3,2008,171000,1716,4,1.5
3,2008,150000,1588,3,1.5
3,2008,46500,407,1,1.0
3,2008,132000,1450,3,1.0
3,2008,162500,1716,4,2.0
3,2008,89500,1406,3,1.0
3,2008,120000,1073,3,1.0
3,2008,152000,1126,2,1.0
3,2008,235000,1252,1,1.0
3,2008,192000,2022,4,2.5
3,2008,256000,1663,2,1.0
3,2008,95000,1111,3,1.0
3,2008,177439,1356,3,2.5
3,2008,195000,1643,2,2.0
3,2008,237000,2031,3,2.5
3,2008,136500,848,1,1.0
3,2008,135900,1716,6,2.0
3,2008,140000,1482,4,2.0
3,2008,177000,1680,4,2.0
3,2008,115000,1639,3,1.0
3,2008,110000,1374,3,1.0
3,2008,180000,1256,3,2.0
3,2008,98000,1092,3,2.5
4,2008,187500,1604,3,2.5
4,2008,183000,1633,3,2.5
4,2008,188500,1337,2,2.0
4,2008,159900,1444,2,2.0
4,2008,111250,864,3,1.0
4,2008,100500,987,2,1.5
4,2008,274000,1518,1,1.5
4,2008,193000,1593,3,2.5
4,2008,176000,1414,3,2.5
4,2008,339750,2078,3,2.5
4,2008,230348,1218,2,2.0
4,2008,141000,1080,3,1.0
4,2008,182000,1609,3,2.5
4,2008,115000,890,3,1.0
4,2008,172900,1549,3,2.5
4,2008,205000,1812,3,2.5
4,2008,176000,1978,4,2.5
4,2008,135750,952,2,1.0
4,2008,141000,1100,3,1.0
4,2008,119000,1252,3,1.0
4,2008,133000,1104,3,1.0
4,2008,110000,773,2,1.0
4,2008,140000,1558,3,1.5
4,2008,186000,1312,3,1.5
4,2008,127500,1278,4,1.0
4,2008,115000,789,2,1.0
4,2008,130000,2350,4,2.0
4,2008,129500,2058,3,1.5
4,2008,163000,1912,3,2.0
4,2008,106900,1290,3,1.5
4,2008,105000,1342,2,2.0
4,2008,113000,1013,3,1.0
4,2008,115000,1216,3,1.0
4,2008,79000,896,2,1.0
4,2008,129900,1774,2,2.0
4,2008,120000,1308,2,2.0
4,2008,245000,1524,3,2.0
4,2008,241500,1363,2,1.0
4,2008,99600,864,2,1.0
4,2008,119000,1367,4,1.0
4,2008,79000,1096,2,1.0
4,2008,226500,1626,3,2.5
4,2008,110000,924,3,1.0
4,2008,208900,1493,3,2.0
4,2008,210000,1436,3,2.0
4,2008,123000,1092,3,1.0
4,2008,165000,1033,3,1.0
4,2008,137500,1181,3,2.0
4,2008,96000,1137,4,1.5
4,2008,135500,1393,3,1.5
4,2008,98000,864,2,1.0
4,2008,168000,1424,2,2.0
4,2008,91000,790,2,1.0
4,2008,263400,2161,3,2.5
4,2008,236500,1898,3,2.5
4,2008,294000,1537,3,2.0
4,2008,293077,1646,3,2.0
4,2008,172500,1442,3,2.5
4,2008,160500,1189,2,2.0
4,2008,128500,816,2,1.0
4,2008,137500,889,3,1.0
5,2008,176500,1414,3,1.0
5,2008,237500,2117,4,2.5
5,2008,195500,1604,3,2.5
5,2008,115000,1474,3,1.0
5,2008,180000,1523,3,2.0
5,2008,123000,864,3,1.0
5,2008,143000,1456,4,2.5
5,2008,383000,1950,2,2.0
5,2008,219990,1576,2,2.0
5,2008,191000,1504,2,2.0
5,2008,213000,1986,4,2.5
5,2008,186500,1792,3,2.5
5,2008,225000,2322,4,2.5
5,2008,185900,1651,3,2.5
5,2008,240000,1578,3,2.0
5,2008,250580,1372,3,2.0
5,2008,205950,1665,3,2.5
5,2008,207500,1728,3,2.5
5,2008,175000,1737,3,2.5
5,2008,142000,912,3,1.0
5,2008,165000,1200,2,2.5
5,2008,324000,1719,1,1.5
5,2008,290000,1671,3,3.0
5,2008,174000,1682,3,2.0
5,2008,183000,1427,4,2.0
5,2008,170000,1670,4,1.5
5,2008,174900,1165,3,1.5
5,2008,140000,1114,3,1.0
5,2008,201800,1820,4,2.0
5,2008,136500,1176,3,1.0
5,2008,166800,1570,3,1.0
5,2008,139000,1196,2,1.0
5,2008,116000,882,2,1.0
5,2008,137500,1152,3,1.5
5,2008,114000,1159,3,1.0
5,2008,157000,1253,2,1.5
5,2008,159000,1256,3,1.5
5,2008,136870,1117,3,1.0
5,2008,119164,1656,2,2.0
5,2008,155000,1436,3,2.0
5,2008,147000,1122,2,1.0
5,2008,295000,3493,3,3.0
5,2008,98000,1344,4,1.0
5,2008,114000,1017,2,1.0
5,2008,115500,1093,2,1.0
5,2008,109500,784,2,1.0
5,2008,124000,1210,3,1.0
5,2008,157000,1497,3,2.0
5,2008,68500,520,1,1.0
5,2008,130000,838,2,1.0
5,2008,136000,1536,4,1.5
5,2008,82375,1344,3,2.0
5,2008,148000,1075,3,1.0
5,2008,130000,894,3,1.0
5,2008,153000,1034,3,1.0
5,2008,144900,960,3,1.0
5,2008,177000,1357,2,1.0
5,2008,262280,2329,4,2.5
5,2008,248500,1615,3,2.0
5,2008,200000,1688,4,2.5
5,2008,226001,1418,3,2.0
5,2008,231500,1792,3,2.5
5,2008,235000,1823,3,2.5
5,2008,158000,1174,3,1.0
5,2008,127000,864,3,1.0
5,2008,255900,2290,4,2.5
5,2008,149300,848,1,1.0
5,2008,141000,848,1,1.0
5,2008,85000,796,2,1.0
5,2008,135000,1127,3,1.5
5,2008,91900,784,2,1.0
5,2008,99000,930,2,1.0
5,2008,130500,1200,3,1.0
5,2008,135000,1470,4,2.0
5,2008,189000,2601,4,3.5
5,2008,104000,1091,2,1.0
5,2008,381000,3447,4,3.5
5,2008,311500,1954,3,1.5
5,2008,99500,912,2,1.0
5,2008,80900,1049,2,1.0
5,2008,287000,2898,2,2.0
5,2008,167500,1394,3,2.5
5,2008,129500,1475,4,2.0
6,2008,206900,2112,4,2.5
6,2008,188000,1658,3,2.5
6,2008,325000,2504,4,2.5
6,2008,226500,1688,2,2.0
6,2008,175500,1422,3,2.0
6,2008,146900,1308,3,1.5
6,2008,306000,2340,4,2.5
6,2008,133000,1792,4,3.0
6,2008,385000,2084,2,2.0
6,2008,460000,2790,4,2.5
6,2008,250000,2088,4,2.5
6,2008,284000,1575,2,2.0
6,2008,192000,1367,2,2.0
6,2008,370967,1800,2,2.0
6,2008,234250,1342,2,2.0
6,2008,315000,2630,4,2.5
6,2008,291000,2172,4,2.5
6,2008,279500,2125,4,2.5
6,2008,290000,2501,4,2.5
6,2008,235128,1580,3,2.0
6,2008,256000,1660,3,2.0
6,2008,146000,1175,3,1.0
6,2008,159000,1114,3,1.5
6,2008,179200,1294,3,2.0
6,2008,187000,1710,3,2.5
6,2008,290000,2683,4,2.5
6,2008,372500,2786,4,2.5
6,2008,178000,1245,1,2.0
6,2008,305000,1557,2,2.0
6,2008,170000,1404,3,2.5
6,2008,223000,1789,3,2.5
6,2008,162500,1232,3,2.0
6,2008,150000,2944,3,3.0
6,2008,240000,2614,4,2.5
6,2008,141000,1464,4,1.5
6,2008,168500,1350,3,1.5
6,2008,112900,1036,3,1.0
6,2008,163000,1362,3,1.5
6,2008,185000,1440,2,2.0
6,2008,166000,1392,3,1.5
6,2008,136000,1080,3,1.0
6,2008,139000,952,2,1.0
6,2008,139000,1436,3,1.0
6,2008,139000,1044,3,1.5
6,2008,148000,1081,3,1.0
6,2008,155000,1269,3,1.5
6,2008,112500,984,2,1.0
6,2008,105500,832,2,1.0
6,2008,167900,1611,4,1.5
6,2008,73000,764,2,1.0
6,2008,157500,1539,3,2.0
6,2008,256000,2792,5,2.0
6,2008,139500,1456,4,1.5
6,2008,118000,1594,3,2.0
6,2008,200000,2082,3,2.5
6,2008,122250,1740,2,1.0
6,2008,140000,1499,3,1.0
6,2008,112500,928,3,1.0
6,2008,153900,1416,4,1.5
6,2008,128000,1484,3,2.0
6,2008,110000,984,2,1.0
6,2008,81300,808,1,1.0
6,2008,162900,1573,3,2.0
6,2008,128000,1362,3,2.0
6,2008,207000,1848,4,1.5
6,2008,184000,1820,4,2.0
6,2008,161000,1666,3,1.0
6,2008,127500,1609,3,1.0
6,2008,125000,825,2,1.0
6,2008,135000,1469,3,1.0
6,2008,149350,1228,3,1.5
6,2008,185000,1188,1,1.0
6,2008,165000,1383,3,1.0
6,2008,152400,1350,2,1.5
6,2008,144000,904,3,1.0
6,2008,155000,1094,3,1.0
6,2008,260000,2814,4,2.5
6,2008,475000,2276,3,2.0
6,2008,144000,1099,3,1.5
6,2008,207500,1652,3,2.5
6,2008,193000,1790,3,2.5
6,2008,235000,1865,3,2.5
6,2008,230500,2161,3,2.5
6,2008,300000,1786,3,2.0
6,2008,183000,1640,3,2.5
6,2008,207000,1764,3,2.5
6,2008,186500,1445,3,2.0
6,2008,193000,1361,3,2.0
6,2008,144500,848,1,1.0
6,2008,147500,1256,3,1.5
6,2008,176000,1132,2,1.5
6,2008,148000,1072,2,1.0
6,2008,82000,1152,2,2.0
6,2008,82000,1152,2,2.0
6,2008,108000,1292,3,1.5
6,2008,136500,1694,4,2.0
6,2008,231000,1512,3,2.0
6,2008,138000,1603,4,1.0
6,2008,257076,1873,4,1.5
6,2008,120500,816,2,1.0
6,2008,65000,864,3,1.5
6,2008,232500,1440,3,2.0
6,2008,370000,1964,3,2.5
6,2008,124000,1040,3,1.0
6,2008,115000,1304,3,1.5
6,2008,105000,988,2,1.0
6,2008,81000,630,1,1.0
6,2008,138000,816,2,1.0
7,2008,192000,1638,3,2.5
7,2008,247900,1682,1,1.5
7,2008,181000,1604,3,2.5
7,2008,355000,2500,5,3.5
7,2008,334000,1710,2,2.0
7,2008,133000,1488,3,2.5
7,2008,181900,1260,3,2.0
7,2008,272000,2872,4,2.5
7,2008,151000,1054,3,1.5
7,2008,85400,987,2,1.5
7,2008,316000,2332,4,2.5
7,2008,370000,2690,4,2.5
7,2008,266000,1684,2,2.0
7,2008,207000,1358,2,2.0
7,2008,179000,1515,3,2.5
7,2008,190000,1166,2,2.0
7,2008,176000,1456,3,2.5
7,2008,188000,1720,3,2.5
7,2008,226750,1892,3,2.5
7,2008,350000,2006,2,2.0
7,2008,287500,2197,4,2.5
7,2008,232000,1574,3,2.0
7,2008,227680,1428,3,2.0
7,2008,257000,1861,3,3.0
7,2008,212700,1372,3,2.0
7,2008,250000,1958,3,2.5
7,2008,188000,1696,3,2.5
7,2008,192500,1663,3,2.5
7,2008,155000,1114,3,1.0
7,2008,193000,1617,2,2.0
7,2008,135000,864,3,1.0
7,2008,192000,1430,3,2.0
7,2008,140000,1641,4,2.0
7,2008,196000,1391,2,2.0
7,2008,300000,1638,2,2.0
7,2008,285000,1310,1,1.5
7,2008,135000,925,3,1.0
7,2008,299800,2715,4,3.5
7,2008,185000,1876,4,2.5
7,2008,173000,1632,4,1.5
7,2008,178400,999,3,1.0
7,2008,109008,907,3,1.0
7,2008,180500,1425,3,2.0
7,2008,140000,1136,3,1.0
7,2008,145000,1092,3,1.0
7,2008,72500,720,2,1.0
7,2008,52000,729,2,1.0
7,2008,174000,1537,3,1.5
7,2008,135000,1098,3,1.0
7,2008,130000,950,2,1.0
7,2008,86900,672,2,1.0
7,2008,98300,1048,3,1.0
7,2008,109500,825,2,1.0
7,2008,122600,1323,3,1.0
7,2008,325000,2775,3,3.5
7,2008,138000,1143,2,1.0
7,2008,153000,1738,3,2.0
7,2008,164900,1672,3,1.5
7,2008,119000,949,2,1.0
7,2008,120000,1158,3,1.0
7,2008,145000,1505,3,1.0
7,2008,93850,768,1,1.0
7,2008,127500,1040,2,1.0
7,2008,134432,1588,4,2.0
7,2008,145000,992,3,1.0
7,2008,80000,1006,3,1.0
7,2008,185000,1674,4,2.0
7,2008,235000,2108,4,2.0
7,2008,159900,1509,3,1.0
7,2008,215700,1771,3,2.5
7,2008,188000,1724,3,2.5
7,2008,191000,1479,3,2.0
7,2008,130250,938,3,1.0
7,2008,222500,2031,3,2.5
7,2008,224900,1768,3,2.5
7,2008,210000,1908,4,2.5
7,2008,185000,1838,2,2.0
7,2008,108000,996,3,1.0
7,2008,165400,1656,3,2.5
7,2008,284700,3820,5,3.5
7,2008,82500,1152,2,2.0
7,2008,179500,2192,4,2.5
7,2008,161900,1920,4,3.0
7,2008,145000,1316,2,1.0
7,2008,198000,1938,4,2.0
7,2008,151000,1556,3,2.5
7,2008,126000,919,2,1.0
7,2008,120000,1090,3,1.0
7,2008,119000,1200,4,1.0
7,2008,126000,1656,3,1.5
7,2008,89000,1361,2,1.0
7,2008,40000,1317,3,1.0
7,2008,250000,1646,2,2.0
7,2008,271000,1689,3,2.0
7,2008,171000,1118,3,1.0
7,2008,228500,1689,3,2.0
7,2008,241500,1501,2,2.0
7,2008,150000,1495,3,2.0
7,2008,94900,988,1,1.0
7,2008,134500,845,3,1.0
7,2008,160000,1750,4,2.0
8,2008,175000,1446,3,2.5
8,2008,286000,1593,0,1.5
8,2008,180000,1280,2,2.0
8,2008,235000,2064,3,2.0
8,2008,181000,1337,2,2.0
8,2008,89500,987,2,1.5
8,2008,426000,2332,3,2.5
8,2008,417500,2464,4,2.5
8,2008,379000,2331,3,2.5
8,2008,284000,2046,3,2.5
8,2008,195000,1455,2,2.0
8,2008,350000,2113,2,2.5
8,2008,341000,2418,3,2.5
8,2008,271000,2127,3,2.5
8,2008,301500,1987,2,2.0
8,2008,264132,1506,2,2.0
8,2008,247000,1460,3,2.0
8,2008,250000,1992,3,2.5
8,2008,128000,984,3,1.0
8,2008,179400,1501,3,2.5
8,2008,217500,1239,1,1.5
8,2008,215000,1620,4,2.0
8,2008,140500,1625,4,2.0
8,2008,145500,1053,3,1.5
8,2008,153000,1118,3,1.0
8,2008,227000,1988,4,2.5
8,2008,124000,1144,3,1.5
8,2008,89900,869,1,1.0
8,2008,106250,1294,3,2.0
8,2008,127000,1507,4,2.0
8,2008,64000,672,2,1.0
8,2008,107900,901,2,1.0
8,2008,116900,1111,2,1.0
8,2008,108000,1668,3,1.5
8,2008,79500,935,2,1.0
8,2008,123000,1136,2,1.0
8,2008,127000,1236,3,2.0
8,2008,85000,759,1,1.0
8,2008,134000,1211,3,1.0
8,2008,135000,1271,4,2.0
8,2008,108000,672,2,1.0
8,2008,125000,1164,3,1.0
8,2008,155000,990,3,1.0
8,2008,163000,1558,2,2.0
8,2008,240000,2327,4,2.5
8,2008,188700,1660,3,1.5
8,2008,81000,894,2,1.0
8,2008,294464,1648,2,2.0
8,2008,228950,1786,3,2.0
8,2008,175000,1509,3,2.0
8,2008,305000,2262,4,2.5
9,2008,185000,1709,3,2.5
9,2008,387000,1884,2,2.0
9,2008,205000,1964,4,2.5
9,2008,111900,936,2,1.0
9,2008,106000,987,2,1.5
9,2008,148500,1055,2,2.0
9,2008,284500,2199,3,2.5
9,2008,190500,1677,3,2.5
9,2008,144000,912,2,1.0
9,2008,290000,1419,2,1.5
9,2008,87000,906,2,1.0
9,2008,141500,1337,3,1.0
9,2008,139950,1144,3,1.0
9,2008,180000,1790,3,2.0
9,2008,138000,1320,3,2.0
9,2008,78000,899,2,1.0
9,2008,95000,1080,3,1.0
9,2008,160000,1984,5,2.0
9,2008,79900,1198,4,1.0
9,2008,124000,1054,3,1.0
9,2008,127500,1355,4,2.0
9,2008,240000,2358,5,3.0
9,2008,221000,1494,3,2.0
9,2008,223500,1786,3,2.5
9,2008,143195,1076,3,1.5
9,2008,230000,1795,3,2.0
9,2008,287000,2263,3,2.5
9,2008,185900,1582,3,2.5
9,2008,145900,2200,4,3.0
9,2008,118000,1440,4,2.0
9,2008,67000,864,2,1.0
9,2008,191000,2555,3,2.0
9,2008,300000,2032,3,3.0
9,2008,213000,1820,3,2.5
9,2008,172000,1968,4,2.5
10,2008,165000,1470,3,2.5
10,2008,180000,1337,2,2.0
10,2008,194500,1895,3,2.5
10,2008,189000,1228,2,2.0
10,2008,140000,1069,2,2.0
10,2008,110000,892,3,1.0
10,2008,390000,2748,4,2.5
10,2008,367294,1702,1,1.5
10,2008,155000,1626,2,2.5
10,2008,154000,1626,2,2.5
10,2008,245000,1563,3,2.0
10,2008,163000,1680,3,2.5
10,2008,193500,1679,3,2.0
10,2008,150000,1740,4,1.5
10,2008,145000,1258,3,2.0
10,2008,179900,1265,3,2.0
10,2008,142000,1252,3,1.0
10,2008,165500,1661,3,1.0
10,2008,140000,1283,3,1.0
10,2008,100000,1764,4,2.5
10,2008,118500,1216,2,1.0
10,2008,116000,910,3,1.0
10,2008,140000,1796,4,1.5
10,2008,161000,1378,3,2.0
10,2008,123500,1902,4,2.0
10,2008,147000,1026,3,1.0
10,2008,189000,1456,3,2.5
10,2008,218689,1612,3,2.5
10,2008,119500,923,3,1.0
10,2008,130500,816,3,1.0
11,2008,173000,1636,3,2.5
11,2008,177900,1384,3,2.0
11,2008,215000,2093,3,2.5
11,2008,161000,1211,3,2.0
11,2008,157000,1178,3,1.5
11,2008,100000,987,2,1.5
11,2008,394617,1932,2,2.0
11,2008,446261,2713,3,2.5
11,2008,336860,1866,2,2.0
11,2008,217300,1358,2,2.0
11,2008,189000,1657,3,2.5
11,2008,145000,1728,6,2.0
11,2008,142600,1728,6,2.0
11,2008,135000,1656,4,2.0
11,2008,163000,1261,3,1.0
11,2008,242000,2069,4,2.0
11,2008,125900,1027,3,1.0
11,2008,130000,1800,6,2.0
11,2008,55000,1086,2,1.0
11,2008,131500,1795,4,2.0
11,2008,141000,1969,4,2.0
11,2008,173000,1291,2,1.0
11,2008,134500,1269,3,1.5
11,2008,149900,985,3,2.0
11,2008,147000,1117,3,1.0
11,2008,100000,1204,3,1.0
11,2008,130000,1964,4,1.5
11,2008,224000,1640,3,1.0
11,2008,392500,1652,2,2.0
11,2008,100000,1872,4,3.0
11,2008,184000,1651,3,2.0
11,2008,209200,1344,2,2.0
11,2008,206300,1344,2,2.0
11,2008,173000,1200,3,1.0
12,2008,292500,2840,4,2.5
12,2008,111750,1302,3,2.5
12,2008,250000,2198,4,2.5
12,2008,182000,1428,3,2.0
12,2008,173000,1640,3,2.5
12,2008,170000,1586,3,2.5
12,2008,200000,1607,3,2.5
12,2008,245500,1288,1,1.5
12,2008,147000,912,2,1.0
12,2008,155000,1128,3,2.0
12,2008,165000,1431,3,1.0
12,2008,143000,1133,3,1.0
12,2008,65000,1588,5,2.0
12,2008,122000,2358,4,2.0
12,2008,184000,2495,5,2.0
12,2008,97000,882,2,1.0
12,2008,157500,1096,3,1.0
12,2008,109900,904,3,1.0
12,2008,140000,1601,3,1.0
12,2008,145000,1721,3,2.0
12,2008,225000,2200,4,2.5
12,2008,395039,1766,3,2.5
12,2008,228000,2097,3,2.5
12,2008,230000,1852,3,2.5
12,2008,214000,1536,3,2.0
12,2008,116500,1032,2,1.0
12,2008,195000,1675,3,2.0
1,2009,181000,1586,3,2.0
1,2009,582933,2822,4,3.5
1,2009,274900,1713,3,2.0
1,2009,248000,1850,3,2.5
1,2009,193000,1812,3,2.5
1,2009,203000,1512,3,2.0
1,2009,222000,1726,2,2.5
1,2009,180500,2499,4,2.5
1,2009,119000,904,2,1.0
1,2009,60000,800,1,1.0
1,2009,103000,1208,2,1.0
1,2009,84000,845,3,1.0
1,2009,131000,1716,3,1.5
1,2009,295493,1630,3,2.0
1,2009,293200,1602,3,2.0
1,2009,60000,438,1,1.0
1,2009,224000,1906,3,1.5
1,2009,137500,1344,3,1.0
1,2009,316500,1641,3,2.0
2,2009,177500,1382,3,2.5
2,2009,119500,1302,3,2.5
2,2009,300000,1531,2,2.0
2,2009,552000,2492,2,2.5
2,2009,253000,1971,3,2.5
2,2009,224243,1450,2,2.0
2,2009,145000,1332,2,2.0
2,2009,185000,1442,2,2.0
2,2009,167000,1516,3,1.5
2,2009,153000,1313,3,1.5
2,2009,122000,960,2,1.0
2,2009,149500,1505,2,1.0
2,2009,131000,1062,3,1.0
2,2009,93000,936,2,1.0
2,2009,99500,792,2,1.0
2,2009,150000,1582,3,2.0
2,2009,123000,1427,3,1.0
2,2009,116000,1403,3,1.5
2,2009,121500,1073,2,1.0
2,2009,139500,1049,2,2.0
2,2009,194500,1232,2,2.0
2,2009,219500,2034,3,2.5
2,2009,173500,1476,3,2.5
2,2009,320000,1698,3,2.0
2,2009,205000,1567,2,1.5
2,2009,204000,2237,3,2.5
2,2009,170000,2014,3,2.5
3,2009,174000,1481,3,2.5
3,2009,220000,1874,3,2.5
3,2009,128000,1180,2,1.5
3,2009,97000,864,2,1.0
3,2009,610000,2674,2,2.5
3,2009,324000,1808,3,2.0
3,2009,280000,1836,3,2.0
3,2009,184500,1306,1,2.0
3,2009,174000,1560,3,2.5
3,2009,184100,1419,3,2.5
3,2009,156000,1430,3,2.5
3,2009,275500,1702,3,2.0
3,2009,291000,1662,3,2.0
3,2009,209000,1653,3,2.5
3,2009,131400,1144,3,1.0
3,2009,195000,1256,1,1.5
3,2009,172500,1471,3,2.5
3,2009,143000,1568,3,1.5
3,2009,145500,1031,2,1.0
3,2009,128000,1041,3,1.0
3,2009,144750,1806,4,1.5
3,2009,129000,1464,3,2.0
3,2009,129500,1328,3,1.5
3,2009,115000,995,2,1.0
3,2009,179000,1200,3,3.0
3,2009,179000,1200,3,3.0
3,2009,61000,904,1,0.5
3,2009,63000,1112,4,2.0
3,2009,148000,1138,3,1.0
3,2009,82500,861,1,1.0
3,2009,220000,1604,3,2.5
3,2009,221800,1254,2,2.0
3,2009,237000,1498,3,2.0
3,2009,197900,1779,3,2.5
3,2009,227000,1573,3,2.0
3,2009,133000,768,2,1.0
3,2009,167000,1486,3,1.0
3,2009,85000,876,3,1.0
3,2009,105000,1242,3,1.5
3,2009,177000,1913,3,1.5
3,2009,57625,810,1,1.0
3,2009,175000,1412,3,2.0
3,2009,315000,1838,2,2.0
3,2009,160000,1404,3,2.0
3,2009,112000,833,3,1.0
4,2009,185000,1470,3,2.5
4,2009,82500,1411,3,2.0
4,2009,157000,1601,3,2.0
4,2009,167900,1116,3,2.0
4,2009,148500,1441,3,2.5
4,2009,138000,1456,3,2.5
4,2009,555000,2402,2,2.0
4,2009,296000,1782,3,2.0
4,2009,248500,1456,2,2.0
4,2009,207500,1314,2,2.0
4,2009,236000,2256,4,2.5
4,2009,260000,2646,4,2.5
4,2009,310000,2007,3,2.5
4,2009,159000,1218,3,1.5
4,2009,220000,2122,4,2.5
4,2009,189000,1434,3,2.0
4,2009,120000,1217,3,1.5
4,2009,275000,2014,2,2.0
4,2009,167900,1334,2,2.0
4,2009,175000,1691,2,1.0
4,2009,124000,1584,4,2.0
4,2009,187500,1453,3,2.0
4,2009,139000,1632,3,2.0
4,2009,135000,1105,3,1.0
4,2009,113500,1142,2,1.0
4,2009,127000,1045,3,1.0
4,2009,110000,1284,2,1.5
4,2009,141500,1539,3,1.5
4,2009,113500,1052,3,1.5
4,2009,134900,858,2,1.0
4,2009,135000,1229,3,1.0
4,2009,212000,1768,3,2.5
4,2009,272500,1838,3,2.0
4,2009,212000,1661,3,2.5
4,2009,200000,1772,3,2.5
4,2009,203000,1444,3,2.0
4,2009,133900,768,2,1.0
4,2009,190000,1728,3,2.5
4,2009,145500,1072,2,1.0
4,2009,98000,1529,4,2.0
4,2009,155000,1135,3,1.0
4,2009,208000,1982,3,2.5
4,2009,240000,1710,3,2.0
4,2009,156450,926,2,1.0
4,2009,152000,1595,2,2.0
4,2009,139500,1008,3,1.0
4,2009,80000,630,1,1.0
4,2009,173000,1632,4,1.5
5,2009,168500,1474,3,2.5
5,2009,178000,1571,3,2.5
5,2009,225000,1983,3,2.5
5,2009,180500,1442,3,2.0
5,2009,154000,2050,4,2.5
5,2009,184000,1707,3,2.0
5,2009,125000,1365,3,1.5
5,2009,112000,1302,3,2.5
5,2009,118000,987,2,1.5
5,2009,137900,1456,3,2.5
5,2009,404000,2020,3,2.0
5,2009,212500,1358,2,2.0
5,2009,320000,1884,2,2.0
5,2009,175900,1569,1,2.0
5,2009,192500,1555,2,2.0
5,2009,181000,1504,1,2.0
5,2009,178000,1342,3,2.5
5,2009,167000,1374,3,2.5
5,2009,245000,2312,4,2.5
5,2009,340000,2450,3,2.5
5,2009,287090,1578,3,2.0
5,2009,229800,1402,3,2.0
5,2009,250000,1530,3,2.0
5,2009,252000,1953,3,2.5
5,2009,159000,1114,3,1.5
5,2009,160000,1882,4,2.0
5,2009,124100,1020,3,2.0
5,2009,154000,1556,4,1.5
5,2009,256900,2640,5,2.5
5,2009,168500,2061,4,2.5
5,2009,172500,1320,3,2.0
5,2009,140000,1362,3,1.0
5,2009,176000,1382,3,1.0
5,2009,132000,972,2,1.0
5,2009,114000,1039,2,1.0
5,2009,109500,792,2,1.0
5,2009,163000,1040,3,1.0
5,2009,153000,1306,2,1.0
5,2009,138000,1904,3,1.5
5,2009,139000,1339,3,1.0
5,2009,110000,1230,2,1.5
5,2009,37900,968,2,1.0
5,2009,265979,2640,4,1.5
5,2009,119000,1288,3,1.0
5,2009,223500,1576,3,1.5
5,2009,137000,1654,3,2.0
5,2009,121000,952,2,1.0
5,2009,117000,1348,3,1.0
5,2009,132500,1412,4,1.0
5,2009,97500,1864,6,2.5
5,2009,239000,1800,2,2.0
5,2009,200000,1290,2,2.0
5,2009,138000,990,3,1.0
5,2009,313000,2153,3,2.5
5,2009,211000,1870,3,2.5
5,2009,140000,848,1,1.0
5,2009,108000,1126,2,2.0
5,2009,100000,816,2,1.0
5,2009,103500,1560,2,1.0
5,2009,137000,1228,3,1.0
5,2009,193000,1561,3,2.0
5,2009,115000,1032,2,1.0
5,2009,124000,1229,2,1.5
5,2009,75000,572,2,1.0
5,2009,251000,2052,3,2.5
5,2009,425000,1978,2,2.0
5,2009,86000,630,1,1.0
5,2009,97000,1344,3,1.5
5,2009,196000,1567,2,2.0
6,2009,157000,1434,4,2.0
6,2009,189000,1628,3,2.5
6,2009,260000,1530,3,2.0
6,2009,215000,1602,3,2.0
6,2009,187500,1472,3,2.0
6,2009,152000,1370,3,2.0
6,2009,240900,1884,3,2.5
6,2009,213000,1621,3,2.0
6,2009,147000,1322,3,2.5
6,2009,462000,2772,4,3.5
6,2009,451950,2296,3,2.5
6,2009,409900,2520,5,2.5
6,2009,335000,1743,3,2.0
6,2009,350000,2224,4,2.5
6,2009,269500,1760,3,2.0
6,2009,386250,2392,3,2.0
6,2009,290000,2400,4,3.5
6,2009,184000,1456,3,2.5
6,2009,174000,1484,3,2.5
6,2009,174000,1555,2,2.0
6,2009,192000,1489,3,2.5
6,2009,179000,1800,3,2.5
6,2009,190000,1514,3,2.5
6,2009,181000,1675,3,2.5
6,2009,214000,2060,3,2.5
6,2009,168000,1430,3,2.5
6,2009,315000,2063,3,2.0
6,2009,210000,1590,3,2.5
6,2009,238500,1448,2,2.0
6,2009,152000,1141,3,1.5
6,2009,153000,1114,3,2.0
6,2009,141000,864,3,1.0
6,2009,164500,1224,2,2.5
6,2009,173733,1224,2,2.5
6,2009,318750,1694,2,2.0
6,2009,241600,1740,2,1.5
6,2009,150000,1620,3,2.0
6,2009,206000,2067,3,2.5
6,2009,197900,1724,3,1.5
6,2009,213250,1680,3,2.0
6,2009,130000,864,2,1.0
6,2009,177500,2140,4,2.5
6,2009,128900,1050,2,1.0
6,2009,193500,2142,4,2.5
6,2009,104900,1738,4,2.0
6,2009,150000,1144,3,1.0
6,2009,156500,1478,3,1.5
6,2009,149500,988,3,2.0
6,2009,155000,1215,3,1.0
6,2009,164900,1363,2,1.0
6,2009,142900,2377,3,2.0
6,2009,59000,599,2,1.0
6,2009,106000,846,2,1.0
6,2009,154000,1380,3,1.5
6,2009,92900,1040,2,2.0
6,2009,90000,1040,2,2.0
6,2009,128900,1378,3,1.0
6,2009,103500,1944,4,2.0
6,2009,113000,1452,2,2.0
6,2009,87500,1510,3,2.0
6,2009,160000,2007,3,2.0
6,2009,58500,816,2,1.0
6,2009,85000,1022,2,1.0
6,2009,93000,1142,3,1.0
6,2009,155000,1768,3,2.0
6,2009,155000,1826,4,1.5
6,2009,179900,1944,3,2.0
6,2009,139000,1121,3,1.0
6,2009,130000,899,3,1.0
6,2009,149900,1034,3,1.0
6,2009,63900,660,2,1.0
6,2009,143000,1473,1,1.0
6,2009,139600,1733,4,2.0
6,2009,60000,1276,3,1.0
6,2009,271900,2196,3,2.0
6,2009,239500,2020,3,2.5
6,2009,131000,2016,4,1.0
6,2009,118964,1535,4,2.0
6,2009,153337,1224,2,1.0
6,2009,147983,2228,6,2.0
6,2009,118858,1535,4,2.0
6,2009,118858,1535,4,2.0
6,2009,142953,2240,6,2.0
6,2009,148325,1229,2,1.0
6,2009,113722,1513,4,2.0
6,2009,239900,1468,3,2.0
6,2009,233500,1759,3,2.5
6,2009,185000,2126,3,2.5
6,2009,145000,1097,3,1.5
6,2009,204000,1501,3,2.0
6,2009,230000,1840,3,2.5
6,2009,187100,1430,3,2.0
6,2009,254750,2184,4,2.5
6,2009,236500,1788,3,2.0
6,2009,220000,1513,2,2.0
6,2009,203000,1504,3,2.0
6,2009,279500,1828,3,2.0
6,2009,178000,1212,3,2.0
6,2009,144000,848,1,1.0
6,2009,118000,698,2,1.0
6,2009,120000,1368,3,1.0
6,2009,234000,2080,3,1.5
6,2009,160000,1308,2,1.5
6,2009,155000,1273,2,1.0
6,2009,230000,1648,2,2.0
6,2009,215000,1961,3,2.5
6,2009,173000,1217,3,2.0
6,2009,375000,2036,3,2.0
6,2009,220000,1296,2,2.0
6,2009,162000,1204,2,2.0
6,2009,165000,1224,2,2.0
6,2009,149000,883,2,1.0
7,2009,345000,2704,4,2.5
7,2009,189500,1608,3,2.5
7,2009,240000,1478,2,2.0
7,2009,181316,1516,3,2.5
7,2009,173000,1167,3,2.0
7,2009,501837,2234,1,2.0
7,2009,372500,2046,3,2.5
7,2009,185000,1934,3,2.5
7,2009,278000,2524,4,2.5
7,2009,156000,1026,3,1.0
7,2009,143000,1050,3,1.5
7,2009,124500,864,3,1.0
7,2009,130000,864,3,1.0
7,2009,111000,987,2,1.5
7,2009,97000,987,2,1.5
7,2009,148500,1456,3,2.5
7,2009,147000,1548,3,2.5
7,2009,100000,892,3,1.0
7,2009,148800,1120,3,1.0
7,2009,337500,1718,3,2.0
7,2009,485000,3140,4,3.5
7,2009,256300,1600,3,2.0
7,2009,398800,2690,3,2.5
7,2009,335000,2184,3,2.5
7,2009,360000,1736,3,2.0
7,2009,255500,1717,3,2.0
7,2009,445000,2452,3,2.0
7,2009,255900,1606,3,2.0
7,2009,230000,1314,2,2.0
7,2009,382500,2200,3,2.5
7,2009,173000,1626,2,2.0
7,2009,167800,1490,3,2.5
7,2009,188500,1432,3,2.5
7,2009,195500,1594,3,2.5
7,2009,257500,2004,4,2.5
7,2009,244000,2054,3,2.5
7,2009,337000,2365,3,2.5
7,2009,403000,2794,4,2.5
7,2009,336000,2612,4,2.5
7,2009,265000,2344,3,2.5
7,2009,402000,2448,4,2.5
7,2009,252678,1852,3,2.5
7,2009,270000,1795,3,2.5
7,2009,162000,1400,3,2.5
7,2009,135000,980,3,1.0
7,2009,122000,864,2,1.0
7,2009,235000,1755,3,2.5
7,2009,280750,3005,3,2.5
7,2009,117500,925,2,1.0
7,2009,177625,1728,3,2.0
7,2009,110000,1776,4,2.0
7,2009,145100,1292,3,1.5
7,2009,124500,1041,3,1.0
7,2009,110000,1203,3,1.0
7,2009,147000,1113,3,1.0
7,2009,159000,1394,3,1.5
7,2009,256000,1567,2,2.0
7,2009,110000,1392,2,1.0
7,2009,153000,1382,3,1.0
7,2009,138000,1183,3,1.0
7,2009,132500,1148,3,1.0
7,2009,130000,1306,3,1.5
7,2009,124500,1960,4,2.0
7,2009,103000,1447,3,1.0
7,2009,143000,1482,3,1.0
7,2009,128000,1324,3,1.0
7,2009,134900,1176,2,1.0
7,2009,133000,1573,3,1.0
7,2009,214500,2134,5,2.0
7,2009,104000,2229,5,1.0
7,2009,70000,892,1,1.0
7,2009,159900,1152,2,2.0
7,2009,103600,1369,3,2.0
7,2009,172500,1683,3,2.5
7,2009,137000,860,2,1.0
7,2009,165000,1774,4,2.0
7,2009,154400,1639,3,1.5
7,2009,162000,1061,1,1.5
7,2009,213000,1775,3,2.5
7,2009,323262,1680,1,1.5
7,2009,173000,1422,3,2.5
7,2009,195000,1660,3,2.5
7,2009,201000,1492,3,2.0
7,2009,140000,907,3,1.0
7,2009,136500,864,3,1.0
7,2009,191000,1716,2,2.5
7,2009,170000,1396,3,2.5
7,2009,198500,1922,4,3.0
7,2009,159500,1426,3,1.5
7,2009,127000,1149,3,1.0
7,2009,99900,864,2,1.0
7,2009,82000,944,2,1.0
7,2009,117000,1604,3,2.0
7,2009,160000,1268,3,1.5
7,2009,159434,1520,3,1.0
7,2009,139500,1489,3,2.0
7,2009,154900,1343,3,1.5
7,2009,205000,2480,5,2.5
7,2009,174500,1564,3,1.5
7,2009,121000,1229,2,1.5
7,2009,315000,2365,3,2.0
7,2009,147000,1344,3,1.0
7,2009,78000,1192,3,1.0
7,2009,224500,1692,3,2.5
7,2009,410000,2036,3,2.0
7,2009,201000,1466,3,2.0
7,2009,213500,1479,3,2.5
7,2009,131900,796,2,1.0
7,2009,165500,1110,1,1.0
7,2009,130000,1287,3,1.5
8,2009,270000,2283,4,2.5
8,2009,187500,1360,1,1.0
8,2009,260000,2353,4,2.5
8,2009,200000,1671,3,2.0
8,2009,249000,2673,4,2.5
8,2009,158000,1193,3,2.0
8,2009,165000,1350,3,2.0
8,2009,158000,2119,3,2.5
8,2009,148500,1002,3,1.0
8,2009,123000,1055,2,2.0
8,2009,253293,2042,3,2.5
8,2009,213000,1358,2,2.0
8,2009,196000,1306,1,2.0
8,2009,180000,1220,2,2.0
8,2009,170000,1374,3,2.5
8,2009,234500,1553,3,2.0
8,2009,143500,1158,3,1.5
8,2009,184900,1200,2,2.0
8,2009,142000,1114,3,1.5
8,2009,180000,1512,2,2.5
8,2009,172500,1739,3,2.5
8,2009,185750,1489,3,2.0
8,2009,163000,1336,3,2.0
8,2009,113000,1216,3,1.0
8,2009,141500,894,2,1.0
8,2009,158000,1445,3,1.5
8,2009,176000,1329,3,1.5
8,2009,113000,793,2,1.0
8,2009,102900,1210,2,1.5
8,2009,95000,1699,3,2.0
8,2009,129900,1200,3,1.0
8,2009,99900,792,2,1.0
8,2009,135000,1656,3,2.5
8,2009,149000,1352,4,2.0
8,2009,156500,1690,4,2.0
8,2009,190000,2544,6,3.0
8,2009,200000,2634,6,3.0
8,2009,133500,1461,4,2.0
8,2009,135000,1495,3,1.0
8,2009,109500,894,2,1.0
8,2009,66500,1131,3,1.5
8,2009,126500,1072,2,1.0
8,2009,149000,1930,4,2.0
8,2009,135000,1666,3,1.0
8,2009,113000,672,2,1.0
8,2009,239900,1879,3,2.5
8,2009,275000,1644,2,2.0
8,2009,231500,1764,3,2.5
8,2009,124000,1040,3,2.0
8,2009,133500,864,3,1.0
8,2009,210000,1417,3,2.0
8,2009,190000,1500,3,2.0
8,2009,119900,1678,6,2.0
8,2009,110000,1196,3,1.0
8,2009,197000,3082,5,2.5
8,2009,145000,1477,3,2.0
8,2009,163500,964,2,1.0
8,2009,158500,1152,3,1.0
8,2009,239686,2149,1,1.5
8,2009,126000,1734,4,2.0
8,2009,88000,1092,3,1.5
8,2009,131250,1091,2,1.0
9,2009,239500,1734,2,2.0
9,2009,136000,1792,4,3.0
9,2009,76500,864,3,1.0
9,2009,146000,1548,3,2.5
9,2009,402861,2020,3,2.5
9,2009,233170,1502,3,2.0
9,2009,286500,1712,3,2.0
9,2009,160200,1145,2,2.0
9,2009,189500,1630,3,2.5
9,2009,327000,2687,4,2.5
9,2009,275000,1696,3,2.0
9,2009,257500,1658,3,2.5
9,2009,245000,1432,3,2.0
9,2009,208300,1218,2,2.0
9,2009,229456,1314,3,2.0
9,2009,257000,1844,2,2.0
9,2009,82000,841,2,1.0
9,2009,156000,1452,3,2.5
9,2009,211500,1226,1,1.0
9,2009,161500,1342,3,2.0
9,2009,118000,864,3,1.0
9,2009,174500,1576,4,1.0
9,2009,140000,1668,3,1.5
9,2009,143500,951,2,1.0
9,2009,133000,1268,3,1.0
9,2009,118900,732,2,1.0
9,2009,135000,1389,3,1.5
9,2009,124900,1869,2,1.0
9,2009,119000,1480,3,1.0
9,2009,146500,1521,4,1.0
9,2009,44000,797,2,1.0
9,2009,149000,1432,3,1.0
9,2009,62500,2128,4,2.0
9,2009,88750,704,2,1.0
9,2009,139000,1092,3,1.0
9,2009,125000,1089,3,1.0
9,2009,156500,1338,2,1.5
9,2009,316600,2132,1,1.5
9,2009,297000,1718,3,2.0
9,2009,192000,1431,3,2.0
9,2009,150500,1040,3,2.0
9,2009,123000,894,2,1.0
9,2009,250000,1611,3,2.0
9,2009,122000,1298,3,1.0
9,2009,315500,1620,2,2.0
10,2009,124500,882,2,1.0
10,2009,377500,1746,3,2.0
10,2009,278000,1659,2,2.0
10,2009,191000,1636,3,2.5
10,2009,197500,1868,4,2.5
10,2009,235000,1811,3,2.5
10,2009,143750,958,2,2.0
10,2009,128500,836,2,1.0
10,2009,284000,1629,3,2.0
10,2009,263550,2232,3,2.5
10,2009,468000,2490,2,2.0
10,2009,225000,1436,3,2.0
10,2009,370878,1766,2,2.5
10,2009,241000,1550,2,2.0
10,2009,264500,1836,3,2.0
10,2009,185000,1221,2,2.0
10,2009,184000,1540,3,2.5
10,2009,76000,784,2,1.0
10,2009,129000,912,3,1.0
10,2009,123000,912,3,1.0
10,2009,127500,864,2,1.0
10,2009,167000,1644,3,1.0
10,2009,205000,1986,3,2.5
10,2009,153000,1297,3,1.0
10,2009,126000,1112,2,1.0
10,2009,105000,1374,2,1.0
10,2009,150000,1558,3,1.5
10,2009,94550,1701,4,2.0
10,2009,45000,612,1,1.0
10,2009,205000,1548,3,2.5
10,2009,100000,1301,2,1.0
10,2009,167500,2019,3,1.0
10,2009,175000,1464,3,2.0
10,2009,165000,2071,4,1.5
10,2009,122000,1383,2,1.0
10,2009,105000,1258,2,1.0
10,2009,108000,1510,4,1.0
10,2009,269500,2787,6,5.0
10,2009,269500,2787,6,5.0
10,2009,269500,2787,6,5.0
10,2009,143000,990,3,1.0
10,2009,134900,914,2,1.0
10,2009,143500,1268,3,1.5
10,2009,213000,1630,3,2.0
10,2009,125000,1125,3,1.0
10,2009,112000,960,3,1.0
10,2009,147500,1232,3,1.0
10,2009,137450,1608,3,2.5
10,2009,144800,1112,2,1.0
10,2009,158000,1523,3,2.0
10,2009,137000,1229,2,1.5
10,2009,85000,1526,2,1.0
10,2009,143000,1362,1,1.5
11,2009,375000,2522,1,2.0
11,2009,166000,1190,3,2.0
11,2009,120500,864,3,1.0
11,2009,325000,1652,2,2.0
11,2009,173000,1405,2,2.0
11,2009,260000,2061,3,2.5
11,2009,263000,2094,4,2.5
11,2009,171500,1730,3,2.5
11,2009,110000,980,3,1.0
11,2009,200000,2090,3,2.5
11,2009,230000,2288,4,2.0
11,2009,227000,1665,3,2.5
11,2009,154000,1154,3,1.5
11,2009,120000,1202,3,1.0
11,2009,144000,1200,3,1.0
11,2009,123000,1319,3,1.0
11,2009,115000,1005,2,1.0
11,2009,78500,725,1,1.5
11,2009,145000,941,2,1.0
11,2009,93000,1387,3,2.0
11,2009,80000,861,2,1.0
11,2009,106000,2138,2,2.0
11,2009,168000,1742,4,1.5
11,2009,34900,720,2,1.0
11,2009,105000,875,2,1.0
11,2009,161500,1788,5,1.0
11,2009,190000,1867,2,1.0
11,2009,127500,1689,3,1.0
11,2009,332000,1720,3,2.0
11,2009,152000,1040,3,1.0
11,2009,261500,1872,3,2.5
11,2009,198500,1725,3,2.5
11,2009,177500,1494,3,1.0
11,2009,173000,1287,2,1.5
11,2009,115000,1771,3,1.0
11,2009,91000,988,2,1.0
11,2009,130000,874,3,1.0
12,2009,185000,1718,3,2.5
12,2009,178000,1593,3,2.5
12,2009,263435,1935,3,2.5
12,2009,254000,1324,2,2.0
12,2009,200000,2267,4,2.5
12,2009,244600,1468,3,2.0
12,2009,62383,864,3,1.0
12,2009,162000,1395,3,1.5
12,2009,82500,708,2,1.0
12,2009,135000,1866,4,2.0
12,2009,152500,1527,3,1.5
12,2009,125000,1078,3,1.0
12,2009,157500,1478,3,2.0
12,2009,128500,1133,3,1.0
12,2009,115000,1224,3,1.0
12,2009,107500,2372,4,2.0
12,2009,91300,886,2,1.0
12,2009,207000,1463,3,2.0
12,2009,135000,1981,4,2.0
12,2009,222000,1680,3,2.0
12,2009,123000,2168,5,2.0
1,2010,191500,1280,2,2.0
1,2010,190000,1844,3,2.0
1,2010,170000,1173,3,2.0
1,2010,216000,1674,3,2.5
1,2010,376162,2334,3,2.5
1,2010,199500,1324,3,2.0
1,2010,160000,1145,2,2.0
1,2010,355000,2475,4,2.5
1,2010,233000,2084,4,2.5
1,2010,190000,1680,2,2.5
1,2010,206000,1226,1,1.0
1,2010,128950,1225,3,1.5
1,2010,84900,1728,6,2.0
1,2010,172500,1556,3,2.0
1,2010,178000,1128,2,1.0
1,2010,154300,2274,5,2.0
1,2010,109000,1057,3,1.0
1,2010,97500,1458,3,1.0
1,2010,80400,1844,3,1.0
1,2010,119000,1251,3,1.0
1,2010,107500,1224,3,1.5
1,2010,308030,1508,1,1.0
1,2010,237000,1829,3,2.5
1,2010,155891,992,3,1.0
1,2010,102776,1178,2,1.0
1,2010,179781,1214,2,2.0
2,2010,171500,1341,2,1.5
2,2010,210000,2073,3,2.0
2,2010,96000,987,2,1.5
2,2010,259000,1822,3,2.0
2,2010,319900,1752,2,2.0
2,2010,125000,752,2,1.0
2,2010,194500,1744,3,2.5
2,2010,122000,900,3,1.0
2,2010,149500,1200,2,2.5
2,2010,205000,1610,3,2.0
2,2010,116500,858,2,1.0
2,2010,128000,1063,3,1.0
2,2010,214000,1480,3,2.0
2,2010,108000,1337,3,1.0
2,2010,160000,1116,3,1.5
2,2010,119000,804,2,1.0
2,2010,122000,1324,3,1.0
2,2010,100000,1392,3,1.0
2,2010,128000,1067,2,2.0
2,2010,245350,1694,3,2.0
2,2010,206000,1208,2,2.0
2,2010,128200,894,3,1.0
2,2010,160000,2650,6,3.0
2,2010,214900,1894,4,2.5
2,2010,159000,2432,4,5.0
2,2010,285000,1803,3,2.5
3,2010,189900,1629,3,2.5
3,2010,236500,1616,2,2.0
3,2010,185000,1187,3,2.0
3,2010,149000,1004,2,1.0
3,2010,105500,1092,3,1.5
3,2010,88000,1092,3,1.5
3,2010,214000,1535,3,2.0
3,2010,611657,2364,2,2.5
3,2010,260400,1720,3,2.0
3,2010,410000,3238,4,2.5
3,2010,260000,1488,2,2.0
3,2010,130500,1479,3,2.5
3,2010,243500,2495,4,2.5
3,2010,196500,1714,3,2.5
3,2010,197500,1381,3,1.5
3,2010,197600,2461,3,2.0
3,2010,153000,1520,3,1.0
3,2010,132000,1268,2,1.0
3,2010,135000,1604,4,2.0
3,2010,162000,1287,3,1.0
3,2010,115000,1028,2,1.0
3,2010,100000,1245,3,1.0
3,2010,128500,1612,3,1.5
3,2010,128000,1196,3,1.5
3,2010,132000,1453,3,1.5
3,2010,139900,1416,3,1.5
3,2010,138400,1536,4,2.0
3,2010,109500,1068,2,1.0
3,2010,95000,919,3,1.0
3,2010,93369,1884,4,1.5
3,2010,158000,1352,4,1.5
3,2010,163000,1440,4,1.5
3,2010,186000,1212,3,2.0
3,2010,187000,1222,2,2.0
3,2010,138500,1445,3,2.0
3,2010,161750,1392,3,1.5
3,2010,107000,1117,3,1.0
3,2010,140000,1121,2,2.0
3,2010,126000,856,2,1.0
3,2010,169000,2447,4,2.0
3,2010,215000,2177,5,2.5
3,2010,162500,1191,2,2.0
3,2010,289000,1801,1,2.0
3,2010,170000,2048,5,3.0
3,2010,173500,1430,3,2.0
3,2010,76000,1092,3,1.5
3,2010,136000,1274,3,1.5
3,2010,231000,1797,3,2.5
4,2010,244000,2110,3,2.5
4,2010,213500,1338,2,2.0
4,2010,175900,1655,3,2.5
4,2010,149900,1078,3,1.5
4,2010,126000,882,2,1.0
4,2010,115000,864,3,1.0
4,2010,395192,1940,3,2.5
4,2010,205000,1370,2,2.0
4,2010,192000,1269,2,2.0
4,2010,185088,1733,3,2.5
4,2010,180000,1430,3,2.5
4,2010,325000,2622,3,2.5
4,2010,290000,2270,4,2.5
4,2010,204500,1218,2,2.0
4,2010,262500,1566,3,2.0
4,2010,181000,1659,3,2.5
4,2010,99500,918,2,2.0
4,2010,171000,1564,3,2.5
4,2010,67500,1012,2,1.0
4,2010,112000,1902,4,2.0
4,2010,138500,894,3,1.0
4,2010,127000,1040,3,1.5
4,2010,169000,1494,3,2.0
4,2010,155000,1200,2,2.5
4,2010,267916,1418,1,1.5
4,2010,254000,1848,3,2.5
4,2010,230000,1492,3,2.0
4,2010,212500,1891,3,3.0
4,2010,142250,1232,3,1.5
4,2010,159000,1209,3,1.0
4,2010,178900,1510,3,2.0
4,2010,180500,1152,3,1.0
4,2010,142125,1078,2,1.0
4,2010,165500,1700,4,1.5
4,2010,148000,1194,3,1.0
4,2010,167500,1264,3,1.0
4,2010,119000,988,2,1.0
4,2010,105000,985,2,1.0
4,2010,107500,827,2,1.0
4,2010,130000,1316,3,1.0
4,2010,150000,1566,3,2.0
4,2010,240000,2268,3,3.0
4,2010,149700,1236,2,1.0
4,2010,122500,2290,4,2.0
4,2010,87000,765,2,1.0
4,2010,134000,1132,2,1.0
4,2010,140000,1710,3,2.0
4,2010,136500,1768,4,2.0
4,2010,131500,1039,3,1.5
4,2010,158900,1386,3,2.5
4,2010,328000,2260,3,2.5
4,2010,270000,1483,1,1.5
4,2010,260000,1524,0,0.5
4,2010,84900,930,2,1.0
4,2010,147000,996,2,1.0
4,2010,191000,1692,3,2.5
4,2010,240000,2098,4,2.5
4,2010,143750,848,1,1.0
4,2010,84900,640,2,1.0
4,2010,113000,1487,3,1.5
4,2010,185000,1034,1,1.0
4,2010,82000,540,1,1.0
4,2010,110000,1107,2,1.0
4,2010,68400,1128,2,1.0
4,2010,201000,1560,3,2.0
4,2010,174000,1444,3,2.5
4,2010,202900,1908,4,2.5
4,2010,139000,1824,4,3.0
4,2010,85000,1112,3,1.5
4,2010,157900,1188,3,1.0
4,2010,149900,833,2,1.0
4,2010,161000,1479,5,2.0
5,2010,215000,1656,3,1.0
5,2010,180400,1465,3,2.5
5,2010,306000,1704,3,2.0
5,2010,220000,1541,3,2.0
5,2010,216500,1960,4,2.5
5,2010,222500,2035,3,2.5
5,2010,333168,2599,4,2.5
5,2010,221500,1595,2,2.0
5,2010,254900,1947,3,2.5
5,2010,271500,1468,2,2.0
5,2010,205000,2110,3,2.5
5,2010,143000,923,2,2.0
5,2010,189000,1845,3,2.5
5,2010,152000,1097,3,2.0
5,2010,152000,1236,2,2.5
5,2010,177000,1512,2,2.5
5,2010,155000,1416,3,2.5
5,2010,218500,1829,4,2.0
5,2010,136300,1775,3,2.0
5,2010,137500,1054,3,1.0
5,2010,76500,1306,3,1.0
5,2010,136000,1143,3,1.0
5,2010,142000,1188,3,1.0
5,2010,108538,1206,3,1.0
5,2010,135000,1064,2,1.0
5,2010,144900,1086,3,1.0
5,2010,129000,936,2,1.0
5,2010,132000,1224,3,1.0
5,2010,154000,1246,3,1.5
5,2010,134800,900,3,1.0
5,2010,192000,1395,2,1.0
5,2010,109500,936,2,1.0
5,2010,107400,1605,3,2.0
5,2010,105900,720,2,1.0
5,2010,209500,2068,3,1.5
5,2010,123900,1040,2,1.0
5,2010,159900,1560,3,1.5
5,2010,110000,816,2,1.0
5,2010,140000,1812,4,2.0
5,2010,173000,1675,3,2.0
5,2010,94000,1020,2,1.0
5,2010,136000,1832,4,2.0
5,2010,121500,1392,3,1.5
5,2010,125000,912,3,1.0
5,2010,154000,1060,3,1.0
5,2010,137250,864,2,1.0
5,2010,160250,1373,3,1.0
5,2010,230000,1981,4,2.5
5,2010,83000,835,2,1.0
5,2010,218000,1802,3,2.5
5,2010,198900,1226,3,2.0
5,2010,320000,3222,5,3.0
5,2010,318000,1978,3,2.5
5,2010,272000,1601,3,2.0
5,2010,224900,1661,3,2.0
5,2010,143000,848,1,1.0
5,2010,232000,1668,3,2.0
5,2010,213000,1484,3,2.0
5,2010,185500,1414,3,2.0
5,2010,100000,1664,4,2.0
5,2010,90000,960,3,1.0
5,2010,144500,1526,4,1.0
5,2010,104000,1296,2,2.0
5,2010,128000,1647,4,1.5
5,2010,127000,1691,3,2.0
5,2010,100000,1666,3,1.0
5,2010,266500,2340,4,2.0
5,2010,335000,1902,3,2.0
5,2010,125500,1154,3,1.0
5,2010,246000,1646,2,2.0
5,2010,254900,1916,3,2.5
5,2010,190000,1285,3,2.0
5,2010,169900,1034,3,1.0
5,2010,220000,1346,3,2.0
5,2010,269500,1968,4,2.5
5,2010,378500,2018,3,2.0
5,2010,83500,1092,3,1.5
5,2010,119500,945,2,1.0
5,2010,75500,630,1,1.0
6,2010,105000,896,2,1.0
6,2010,172000,1329,3,1.5
6,2010,195500,1604,3,2.5
6,2010,189000,1804,3,2.5
6,2010,212000,1502,1,1.5
6,2010,538000,3279,4,3.5
6,2010,164000,1752,4,2.0
6,2010,394432,1856,1,1.5
6,2010,141000,864,2,1.0
6,2010,184000,1337,2,2.0
6,2010,149900,1456,3,2.5
6,2010,120000,836,2,1.0
6,2010,290941,1544,3,2.0
6,2010,275000,1698,3,2.0
6,2010,224000,1358,2,2.0
6,2010,500000,2696,3,2.5
6,2010,320000,2250,3,2.5
6,2010,175500,1626,2,2.5
6,2010,184500,1374,3,2.5
6,2010,221000,1839,4,2.5
6,2010,215200,1547,3,2.5
6,2010,148000,1155,3,1.0
6,2010,133000,1040,3,1.5
6,2010,190000,1923,3,2.5
6,2010,362500,2349,4,2.5
6,2010,285000,2225,4,2.5
6,2010,151000,1200,2,2.5
6,2010,222000,1478,2,2.5
6,2010,177500,1573,3,2.5
6,2010,147110,1080,2,2.5
6,2010,155000,788,1,1.0
6,2010,171000,1645,4,2.0
6,2010,143000,1328,3,1.5
6,2010,190000,1888,2,2.5
6,2010,145000,1314,3,1.0
6,2010,159500,1580,3,1.5
6,2010,122500,972,3,1.0
6,2010,144000,1056,0,0.0
6,2010,242000,2978,5,2.5
6,2010,166000,1385,4,2.0
6,2010,148000,1175,3,1.5
6,2010,155000,1839,4,1.5
6,2010,96500,1140,3,1.0
6,2010,143000,1347,3,1.0
6,2010,80000,747,2,1.0
6,2010,129000,1633,3,1.0
6,2010,12789,832,2,1.0
6,2010,139000,1652,4,2.0
6,2010,76500,2256,4,2.0
6,2010,125500,1363,3,1.0
6,2010,140750,1470,2,1.5
6,2010,149500,1962,4,1.5
6,2010,244400,2403,4,2.0
6,2010,114900,1680,2,2.0
6,2010,137900,892,3,1.0
6,2010,85000,756,2,1.0
6,2010,124000,1610,4,2.0
6,2010,144500,1074,3,1.0
6,2010,129000,1144,3,1.0
6,2010,127000,1531,3,1.0
6,2010,128000,1172,3,1.0
6,2010,114000,1298,3,2.0
6,2010,178000,1732,3,2.5
6,2010,270000,1433,1,1.5
6,2010,236000,1949,3,2.5
6,2010,155000,1052,3,1.0
6,2010,200500,1682,3,2.5
6,2010,150000,1026,3,1.5
6,2010,127000,876,3,1.0
6,2010,144000,1196,3,1.0
6,2010,64000,1120,2,1.0
6,2010,125200,1096,3,1.0
6,2010,58500,864,2,1.0
6,2010,203135,1652,3,2.5
6,2010,55993,1044,2,1.0
6,2010,50138,952,3,1.0
6,2010,160000,1687,3,1.0
6,2010,169000,1264,2,1.0
6,2010,166500,1344,3,2.0
6,2010,88250,1092,3,1.5
6,2010,85500,1092,3,1.5
6,2010,130000,874,3,1.0
7,2010,142000,1056,3,1.0
7,2010,127500,1069,2,2.0
7,2010,146000,1456,3,2.5
7,2010,180000,2207,3,2.0
7,2010,55000,1092,3,2.0
7,2010,159000,965,2,1.0
7,2010,80000,924,2,1.0
7,2010,257500,2133,4,1.5
